visit,file,frmid,date_obs (UTC),tai (s since 2000-01-01T00:00:00 TAI),exptime (ms),ra (deg),dec (deg),roll (deg)
Visit1,cute_TRIM2D_scan_targetID340_2024_12_22_03_49_frmid_3726_V2_nimgpkts_444_L1id20927_botrows_24_midrows_56.fits,3726,2024-12-22T03:49:26.000,788154603,60000,127.467324,22.608892,-9.056058
Visit1,cute_TRIM2D_scan_targetID340_2024_12_22_03_51_frmid_3727_V2_nimgpkts_440_L1id20926_botrows_24_midrows_50.fits,3727,2024-12-22T03:51:31.000,788154728,60000,127.467045,22.612923,-9.054096
Visit1,cute_TRIM2D_scan_targetID340_2024_12_22_03_53_frmid_3728_V2_nimgpkts_441_L1id20925_botrows_21_midrows_55.fits,3728,2024-12-22T03:53:36.000,788154853,60000,127.468055,22.611166,-9.057652
Visit1,cute_TRIM2D_scan_targetID340_2024_12_22_03_55_frmid_3729_V2_nimgpkts_443_L1id20924_botrows_21_midrows_56.fits,3729,2024-12-22T03:55:41.000,788154978,60000,127.470161,22.609085,-9.056064
Visit1,cute_TRIM2D_scan_targetID340_2024_12_22_03_57_frmid_3730_V2_nimgpkts_445_L1id20656_botrows_24_midrows_56.fits,3730,2024-12-22T03:57:46.000,788155103,60000,127.468494,22.611859,-9.058384
Visit1,cute_TRIM2D_scan_targetID340_2024_12_22_03_59_frmid_3731_V2_nimgpkts_446_L1id19253_botrows_24_midrows_56.fits,3731,2024-12-22T03:59:51.000,788155228,60000,127.468812,22.610600,-9.053141
Visit1,cute_TRIM2D_scan_targetID340_2024_12_22_04_01_frmid_3732_V2_nimgpkts_446_L1id19252_botrows_24_midrows_56.fits,3732,2024-12-22T04:01:56.000,788155353,60000,127.468361,22.609820,-9.060920
Visit1,cute_TRIM2D_scan_targetID340_2024_12_22_04_04_frmid_3733_V2_nimgpkts_446_L1id19251_botrows_24_midrows_56.fits,3733,2024-12-22T04:04:02.000,788155479,60000,127.470742,22.610889,-9.059831
Visit1,cute_TRIM2D_scan_targetID340_2024_12_22_04_06_frmid_3734_V2_nimgpkts_446_L1id19250_botrows_24_midrows_56.fits,3734,2024-12-22T04:06:07.000,788155604,60000,127.469832,22.610083,-9.058490
Visit1,cute_TRIM2D_scan_targetID340_2024_12_22_04_08_frmid_3735_V2_nimgpkts_446_L1id19249_botrows_24_midrows_56.fits,3735,2024-12-22T04:08:12.000,788155729,60000,127.468575,22.610705,-9.054435
Visit1,cute_TRIM2D_scan_targetID340_2024_12_22_05_23_frmid_3736_V2_nimgpkts_446_L1id19804_botrows_24_midrows_56.fits,3736,2024-12-22T05:23:16.000,788160233,60000,127.453337,22.617251,-9.055397
Visit1,cute_TRIM2D_scan_targetID340_2024_12_22_05_25_frmid_3737_V2_nimgpkts_446_L1id19803_botrows_24_midrows_56.fits,3737,2024-12-22T05:25:21.000,788160358,60000,127.454909,22.616071,-9.055643
Visit1,cute_TRIM2D_scan_targetID340_2024_12_22_05_27_frmid_3738_V2_nimgpkts_446_L1id19802_botrows_24_midrows_56.fits,3738,2024-12-22T05:27:26.000,788160483,60000,127.454864,22.617951,-9.057294
Visit1,cute_TRIM2D_scan_targetID340_2024_12_22_05_29_frmid_3739_V2_nimgpkts_446_L1id19801_botrows_24_midrows_56.fits,3739,2024-12-22T05:29:31.000,788160608,60000,127.455670,22.619751,-9.058531
Visit1,cute_TRIM2D_scan_targetID340_2024_12_22_05_31_frmid_3740_V2_nimgpkts_445_L1id19779_botrows_23_midrows_56.fits,3740,2024-12-22T05:31:36.000,788160733,60000,127.454872,22.616890,-9.051688
Visit2,cute_TRIM2D_scan_targetID340_2025_01_12_04_32_frmid_4860_V2_nimgpkts_446_L1id19805_botrows_24_midrows_56.fits,4860,2025-01-12T04:32:26.000,789971583,100000,120.399295,24.815502,26.142992
Visit2,cute_TRIM2D_scan_targetID340_2025_01_12_04_35_frmid_4861_V2_nimgpkts_446_L1id21598_botrows_24_midrows_56.fits,4861,2025-01-12T04:35:11.000,789971748,100000,120.399298,24.818895,26.141583
Visit2,cute_TRIM2D_scan_targetID340_2025_01_12_04_37_frmid_4862_V2_nimgpkts_443_L1id21015_botrows_24_midrows_53.fits,4862,2025-01-12T04:37:56.000,789971913,100000,120.400962,24.818340,26.142990
Visit2,cute_TRIM2D_scan_targetID340_2025_01_12_04_40_frmid_4863_V2_nimgpkts_446_L1id19431_botrows_24_midrows_56.fits,4863,2025-01-12T04:40:41.000,789972078,100000,120.398256,24.817685,26.144878
Visit2,cute_TRIM2D_scan_targetID340_2025_01_12_04_43_frmid_4864_V2_nimgpkts_446_L1id19430_botrows_24_midrows_56.fits,4864,2025-01-12T04:43:26.000,789972243,100000,120.399668,24.816110,26.143803
Visit2,cute_TRIM2D_scan_targetID340_2025_01_12_04_46_frmid_4865_V2_nimgpkts_445_L1id19429_botrows_24_midrows_56.fits,4865,2025-01-12T04:46:11.000,789972408,100000,120.400631,24.816288,26.142288
Visit2,cute_TRIM2D_scan_targetID340_2025_01_12_04_48_frmid_4866_V2_nimgpkts_446_L1id19428_botrows_24_midrows_56.fits,4866,2025-01-12T04:48:56.000,789972573,100000,120.399682,24.818375,26.143380
Visit2,cute_TRIM2D_scan_targetID340_2025_01_12_04_51_frmid_4867_V2_nimgpkts_440_L1id20930_botrows_18_midrows_56.fits,4867,2025-01-12T04:51:41.000,789972738,100000,120.396505,24.820068,26.159542
Visit2,cute_TRIM2D_scan_targetID340_2025_01_12_04_54_frmid_4868_V2_nimgpkts_446_L1id21600_botrows_24_midrows_56.fits,4868,2025-01-12T04:54:27.000,789972904,100000,120.399817,24.817424,26.138081
Visit2,cute_TRIM2D_scan_targetID340_2025_01_12_04_57_frmid_4869_V2_nimgpkts_444_L1id21599_botrows_24_midrows_54.fits,4869,2025-01-12T04:57:12.000,789973069,100000,120.401712,24.816395,26.144287
Visit2,cute_TRIM2D_scan_targetID340_2025_01_12_06_06_frmid_4870_V2_nimgpkts_446_L1id19790_botrows_24_midrows_56.fits,4870,2025-01-12T06:06:11.000,789977208,100000,120.371057,24.823874,26.140221
Visit2,cute_TRIM2D_scan_targetID340_2025_01_12_06_08_frmid_4871_V2_nimgpkts_446_L1id19789_botrows_24_midrows_56.fits,4871,2025-01-12T06:08:56.000,789977373,100000,120.371568,24.823712,26.142595
Visit2,cute_TRIM2D_scan_targetID340_2025_01_12_06_11_frmid_4872_V2_nimgpkts_446_L1id19788_botrows_24_midrows_56.fits,4872,2025-01-12T06:11:41.000,789977538,100000,120.370456,24.824419,26.141483
Visit2,cute_TRIM2D_scan_targetID340_2025_01_12_06_14_frmid_4873_V2_nimgpkts_445_L1id19787_botrows_24_midrows_54.fits,4873,2025-01-12T06:14:26.000,789977703,100000,120.371822,24.822642,26.142736
Visit2,cute_TRIM2D_scan_targetID340_2025_01_12_06_17_frmid_4874_V2_nimgpkts_445_L1id21580_botrows_24_midrows_55.fits,4874,2025-01-12T06:17:11.000,789977868,100000,120.371053,24.823781,26.140929
Visit3,cute_TRIM2D_scan_targetID340_2025_01_19_05_09_frmid_4923_V2_nimgpkts_446_L1id21813_botrows_24_midrows_56.fits,4923,2025-01-19T05:09:26.000,790578603,100000,117.390864,25.443359,125.286786
Visit3,cute_TRIM2D_scan_targetID340_2025_01_19_05_12_frmid_4924_V2_nimgpkts_445_L1id19824_botrows_24_midrows_55.fits,4924,2025-01-19T05:12:11.000,790578768,100000,117.389630,25.444251,125.289631
Visit3,cute_TRIM2D_scan_targetID340_2025_01_19_05_14_frmid_4925_V2_nimgpkts_446_L1id19894_botrows_24_midrows_56.fits,4925,2025-01-19T05:14:56.000,790578933,100000,117.388967,25.442757,125.288363
Visit3,cute_TRIM2D_scan_targetID340_2025_01_19_05_17_frmid_4926_V2_nimgpkts_446_L1id19893_botrows_24_midrows_56.fits,4926,2025-01-19T05:17:41.000,790579098,100000,117.389450,25.442822,125.289684
Visit3,cute_TRIM2D_scan_targetID340_2025_01_19_05_20_frmid_4927_V2_nimgpkts_446_L1id19892_botrows_24_midrows_56.fits,4927,2025-01-19T05:20:26.000,790579263,100000,117.389163,25.441240,125.293296
Visit3,cute_TRIM2D_scan_targetID340_2025_01_19_05_23_frmid_4928_V2_nimgpkts_446_L1id19820_botrows_24_midrows_56.fits,4928,2025-01-19T05:23:12.000,790579429,100000,117.389681,25.443073,125.289653
Visit3,cute_TRIM2D_scan_targetID340_2025_01_19_05_25_frmid_4929_V2_nimgpkts_445_L1id19819_botrows_24_midrows_55.fits,4929,2025-01-19T05:25:57.000,790579594,100000,227.189168,-33.730141,163.643734
Visit4,cute_TRIM2D_scan_targetID340_2025_01_27_03_39_frmid_4973_V2_nimgpkts_446_L1id21815_botrows_24_midrows_56.fits,4973,2025-01-27T03:39:46.000,791264423,100000,114.168936,25.946571,-25.161707
Visit4,cute_TRIM2D_scan_targetID340_2025_01_27_03_42_frmid_4974_V2_nimgpkts_446_L1id21814_botrows_24_midrows_56.fits,4974,2025-01-27T03:42:31.000,791264588,100000,114.166458,25.945699,-25.159443
Visit4,cute_TRIM2D_scan_targetID340_2025_01_27_03_45_frmid_4975_V2_nimgpkts_446_L1id19913_botrows_24_midrows_56.fits,4975,2025-01-27T03:45:16.000,791264753,100000,114.168541,25.947516,-25.161126
Visit4,cute_TRIM2D_scan_targetID340_2025_01_27_03_48_frmid_4976_V2_nimgpkts_446_L1id19912_botrows_24_midrows_56.fits,4976,2025-01-27T03:48:01.000,791264918,100000,114.169360,25.945856,-25.164453
Visit4,cute_TRIM2D_scan_targetID340_2025_01_27_03_50_frmid_4977_V2_nimgpkts_446_L1id19911_botrows_24_midrows_56.fits,4977,2025-01-27T03:50:46.000,791265083,100000,114.169134,25.945604,-25.163233
Visit4,cute_TRIM2D_scan_targetID340_2025_01_27_03_53_frmid_4978_V2_nimgpkts_446_L1id19910_botrows_24_midrows_56.fits,4978,2025-01-27T03:53:31.000,791265248,100000,114.167953,25.945148,-25.158923
Visit4,cute_TRIM2D_scan_targetID340_2025_01_27_03_56_frmid_4979_V2_nimgpkts_445_L1id19909_botrows_24_midrows_54.fits,4979,2025-01-27T03:56:16.000,791265413,100000,114.167455,25.946757,-25.162268
Visit4,cute_TRIM2D_scan_targetID340_2025_01_27_03_59_frmid_4980_V2_nimgpkts_443_L1id19908_botrows_23_midrows_55.fits,4980,2025-01-27T03:59:01.000,791265578,100000,114.166065,25.946978,-25.161175
Visit4,cute_TRIM2D_scan_targetID340_2025_01_27_05_05_frmid_4981_V2_nimgpkts_443_L1id19907_botrows_21_midrows_54.fits,4981,2025-01-27T05:05:36.000,791269573,100000,114.139389,25.952021,155.157780
Visit4,cute_TRIM2D_scan_targetID340_2025_01_27_05_08_frmid_4982_V2_nimgpkts_446_L1id20460_botrows_24_midrows_56.fits,4982,2025-01-27T05:08:21.000,791269738,100000,114.139740,25.951892,155.156891
Visit4,cute_TRIM2D_scan_targetID340_2025_01_27_05_11_frmid_4983_V2_nimgpkts_446_L1id20459_botrows_24_midrows_56.fits,4983,2025-01-27T05:11:06.000,791269903,100000,114.143181,25.953500,155.158208
Visit4,cute_TRIM2D_scan_targetID340_2025_01_27_05_13_frmid_4984_V2_nimgpkts_446_L1id20458_botrows_24_midrows_56.fits,4984,2025-01-27T05:13:51.000,791270068,100000,114.141767,25.950108,155.157296
Visit4,cute_TRIM2D_scan_targetID340_2025_01_27_05_16_frmid_4985_V2_nimgpkts_446_L1id20457_botrows_24_midrows_56.fits,4985,2025-01-27T05:16:36.000,791270233,100000,114.142641,25.952348,155.158258
Visit4,cute_TRIM2D_scan_targetID340_2025_01_27_05_19_frmid_4986_V2_nimgpkts_444_L1id21617_botrows_21_midrows_56.fits,4986,2025-01-27T05:19:21.000,791270398,100000,114.143216,25.951211,155.155903
Visit4,cute_TRIM2D_scan_targetID340_2025_01_27_05_22_frmid_4987_V2_nimgpkts_445_L1id21616_botrows_24_midrows_55.fits,4987,2025-01-27T05:22:06.000,791270563,100000,114.143000,25.949747,155.154944
Visit5,cute_TRIM2D_scan_targetID340_2025_02_03_03_58_frmid_5029_V2_nimgpkts_446_L1id19767_botrows_24_midrows_56.fits,5029,2025-02-03T03:58:41.000,791870358,100000,111.767180,26.199609,162.119251
Visit5,cute_TRIM2D_scan_targetID340_2025_02_03_04_01_frmid_5030_V2_nimgpkts_445_L1id19766_botrows_24_midrows_55.fits,5030,2025-02-03T04:01:26.000,791870523,100000,111.769267,26.197363,162.117547
Visit5,cute_TRIM2D_scan_targetID340_2025_02_03_04_04_frmid_5031_V2_nimgpkts_446_L1id19765_botrows_24_midrows_56.fits,5031,2025-02-03T04:04:11.000,791870688,100000,111.767502,26.199470,162.118296
Visit5,cute_TRIM2D_scan_targetID340_2025_02_03_04_06_frmid_5032_V2_nimgpkts_446_L1id20844_botrows_24_midrows_56.fits,5032,2025-02-03T04:06:56.000,791870853,100000,111.766283,26.197570,162.119549
Visit5,cute_TRIM2D_scan_targetID340_2025_02_03_04_09_frmid_5033_V2_nimgpkts_445_L1id20843_botrows_24_midrows_56.fits,5033,2025-02-03T04:09:41.000,791871018,100000,111.766732,26.197827,162.118654
Visit5,cute_TRIM2D_scan_targetID340_2025_02_03_04_12_frmid_5034_V2_nimgpkts_441_L1id20888_botrows_22_midrows_52.fits,5034,2025-02-03T04:12:25.000,791871182,100000,111.817757,26.218368,162.128006
Visit5,cute_TRIM2D_scan_targetID340_2025_02_03_04_12_frmid_5034_V2_nimgpkts_446_L1id21758_botrows_24_midrows_56.fits,5034,2025-02-03T04:12:25.000,791871182,100000,111.817757,26.218368,162.128006
Visit5,cute_TRIM2D_scan_targetID340_2025_02_03_04_15_frmid_5035_V2_nimgpkts_446_L1id21778_botrows_24_midrows_56.fits,5035,2025-02-03T04:15:10.000,791871347,100000,111.772290,26.199177,162.120319
Visit5,cute_TRIM2D_scan_targetID340_2025_02_03_04_17_frmid_5036_V2_nimgpkts_446_L1id20271_botrows_24_midrows_56.fits,5036,2025-02-03T04:17:55.000,791871512,100000,111.770934,26.198311,162.115455
Visit5,cute_TRIM2D_scan_targetID340_2025_02_03_04_20_frmid_5037_V2_nimgpkts_446_L1id20270_botrows_24_midrows_56.fits,5037,2025-02-03T04:20:40.000,791871677,100000,111.769109,26.195494,162.117357
Visit5,cute_TRIM2D_scan_targetID340_2025_02_03_04_23_frmid_5038_V2_nimgpkts_446_L1id20269_botrows_24_midrows_56.fits,5038,2025-02-03T04:23:25.000,791871842,100000,111.767641,26.199429,162.118723
Visit5,cute_TRIM2D_scan_targetID340_2025_02_03_05_32_frmid_5039_V2_nimgpkts_446_L1id20892_botrows_24_midrows_56.fits,5039,2025-02-03T05:32:16.000,791875973,100000,111.749202,26.199194,162.116593
Visit5,cute_TRIM2D_scan_targetID340_2025_02_03_05_35_frmid_5040_V2_nimgpkts_446_L1id20891_botrows_24_midrows_56.fits,5040,2025-02-03T05:35:01.000,791876138,100000,111.748756,26.200737,162.120057
Visit5,cute_TRIM2D_scan_targetID340_2025_02_03_05_37_frmid_5041_V2_nimgpkts_446_L1id20890_botrows_24_midrows_56.fits,5041,2025-02-03T05:37:46.000,791876303,100000,111.748508,26.200553,162.119688
Visit5,cute_TRIM2D_scan_targetID340_2025_02_03_05_40_frmid_5042_V2_nimgpkts_446_L1id20889_botrows_24_midrows_56.fits,5042,2025-02-03T05:40:31.000,791876468,100000,111.747276,26.199304,162.121610
Visit5,cute_TRIM2D_scan_targetID340_2025_02_03_05_43_frmid_5043_V2_nimgpkts_446_L1id20054_botrows_24_midrows_56.fits,5043,2025-02-03T05:43:15.000,791876632,100000,111.750354,26.203814,162.126463
Visit7,cute_TRIM2D_scan_targetID340_2025_02_17_04_41_frmid_5143_V2_nimgpkts_446_L1id21878_botrows_24_midrows_56.fits,5143,2025-02-17T04:41:11.000,793082508,100000,108.929603,26.221003,168.080227
Visit7,cute_TRIM2D_scan_targetID340_2025_02_17_04_43_frmid_5144_V2_nimgpkts_444_L1id21779_botrows_24_midrows_53.fits,5144,2025-02-17T04:43:56.000,793082673,100000,108.929428,26.224606,168.084221
Visit7,cute_TRIM2D_scan_targetID340_2025_02_17_04_46_frmid_5145_V2_nimgpkts_446_L1id21436_botrows_24_midrows_56.fits,5145,2025-02-17T04:46:41.000,793082838,100000,108.930378,26.223066,168.081283
Visit7,cute_TRIM2D_scan_targetID340_2025_02_17_04_49_frmid_5146_V2_nimgpkts_446_L1id21435_botrows_24_midrows_56.fits,5146,2025-02-17T04:49:26.000,793083003,100000,108.930224,26.221842,168.086257
Visit7,cute_TRIM2D_scan_targetID340_2025_02_17_04_52_frmid_5147_V2_nimgpkts_446_L1id21434_botrows_24_midrows_56.fits,5147,2025-02-17T04:52:11.000,793083168,100000,108.928542,26.214945,168.084552
Visit7,cute_TRIM2D_scan_targetID340_2025_02_17_04_54_frmid_5148_V2_nimgpkts_446_L1id20343_botrows_24_midrows_56.fits,5148,2025-02-17T04:54:56.000,793083333,100000,108.929429,26.221702,168.081413
Visit7,cute_TRIM2D_scan_targetID340_2025_02_17_04_57_frmid_5149_V2_nimgpkts_446_L1id20258_botrows_24_midrows_56.fits,5149,2025-02-17T04:57:41.000,793083498,100000,108.929619,26.224127,168.083196
Visit7,cute_TRIM2D_scan_targetID340_2025_02_17_05_00_frmid_5150_V2_nimgpkts_446_L1id20257_botrows_24_midrows_56.fits,5150,2025-02-17T05:00:26.000,793083663,100000,108.930644,26.222581,168.080028
Visit7,cute_TRIM2D_scan_targetID340_2025_02_17_05_03_frmid_5151_V2_nimgpkts_446_L1id20256_botrows_24_midrows_56.fits,5151,2025-02-17T05:03:11.000,793083828,100000,108.929671,26.223759,168.084036
Visit7,cute_TRIM2D_scan_targetID340_2025_02_17_05_05_frmid_5152_V2_nimgpkts_446_L1id20255_botrows_24_midrows_56.fits,5152,2025-02-17T05:05:55.000,793083992,100000,108.929742,26.222789,168.081540
Visit7,cute_TRIM2D_scan_targetID340_2025_02_17_06_14_frmid_5153_V2_nimgpkts_446_L1id20254_botrows_24_midrows_56.fits,5153,2025-02-17T06:14:41.000,793088118,100000,108.923222,26.223597,168.082628
Visit7,cute_TRIM2D_scan_targetID340_2025_02_17_06_17_frmid_5154_V2_nimgpkts_443_L1id20267_botrows_23_midrows_54.fits,5154,2025-02-17T06:17:26.000,793088283,100000,108.922434,26.221358,168.081441
Visit7,cute_TRIM2D_scan_targetID340_2025_02_17_06_20_frmid_5155_V2_nimgpkts_446_L1id21439_botrows_24_midrows_56.fits,5155,2025-02-17T06:20:11.000,793088448,100000,108.922573,26.221144,168.082170
Visit7,cute_TRIM2D_scan_targetID340_2025_02_17_06_22_frmid_5156_V2_nimgpkts_446_L1id21438_botrows_24_midrows_56.fits,5156,2025-02-17T06:22:56.000,793088613,100000,108.921176,26.222057,168.080120
Visit7,cute_TRIM2D_scan_targetID340_2025_02_17_06_25_frmid_5157_V2_nimgpkts_446_L1id21816_botrows_24_midrows_56.fits,5157,2025-02-17T06:25:41.000,793088778,100000,108.921586,26.220258,168.082876
Visit8,cute_TRIM2D_scan_targetID340_2025_03_02_05_45_frmid_5209_V2_nimgpkts_446_L1id21879_botrows_24_midrows_56.fits,5209,2025-03-02T05:45:26.000,794209563,100000,108.793365,25.848626,170.074166
Visit8,cute_TRIM2D_scan_targetID340_2025_03_02_05_48_frmid_5210_V2_nimgpkts_446_L1id20426_botrows_24_midrows_56.fits,5210,2025-03-02T05:48:11.000,794209728,100000,108.786088,25.849617,170.076381
Visit8,cute_TRIM2D_scan_targetID340_2025_03_02_05_50_frmid_5211_V2_nimgpkts_442_L1id20425_botrows_24_midrows_56.fits,5211,2025-03-02T05:50:56.000,794209893,100000,108.795603,25.848827,170.067332
Visit8,cute_TRIM2D_scan_targetID340_2025_03_02_05_53_frmid_5212_V2_nimgpkts_445_L1id20424_botrows_24_midrows_54.fits,5212,2025-03-02T05:53:41.000,794210058,100000,108.795058,25.846204,170.066529
Visit8,cute_TRIM2D_scan_targetID340_2025_03_02_05_56_frmid_5213_V2_nimgpkts_446_L1id20423_botrows_24_midrows_56.fits,5213,2025-03-02T05:56:26.000,794210223,100000,108.794094,25.848794,170.072037
Visit9,cute_TRIM2D_scan_targetID340_2025_03_30_03_13_frmid_5253_V2_nimgpkts_446_L1id21819_botrows_24_midrows_56.fits,5253,2025-03-30T03:13:01.000,796619618,100000,114.944858,24.208679,-10.067740
Visit9,cute_TRIM2D_scan_targetID340_2025_03_30_03_15_frmid_5254_V2_nimgpkts_446_L1id21755_botrows_24_midrows_56.fits,5254,2025-03-30T03:15:46.000,796619783,100000,114.944837,24.208978,-10.062289
Visit9,cute_TRIM2D_scan_targetID340_2025_03_30_03_18_frmid_5255_V2_nimgpkts_444_L1id20568_botrows_24_midrows_54.fits,5255,2025-03-30T03:18:31.000,796619948,100000,114.944259,24.207985,-10.069367
Visit9,cute_TRIM2D_scan_targetID340_2025_03_30_03_21_frmid_5256_V2_nimgpkts_446_L1id20567_botrows_24_midrows_56.fits,5256,2025-03-30T03:21:16.000,796620113,100000,114.945170,24.208572,-10.067018
Visit9,cute_TRIM2D_scan_targetID340_2025_03_30_03_24_frmid_5257_V2_nimgpkts_446_L1id21753_botrows_24_midrows_56.fits,5257,2025-03-30T03:24:01.000,796620278,100000,114.943529,24.207166,-10.068499
Visit9,cute_TRIM2D_scan_targetID340_2025_03_30_03_26_frmid_5258_V2_nimgpkts_446_L1id21672_botrows_24_midrows_56.fits,5258,2025-03-30T03:26:46.000,796620443,100000,114.942386,24.207783,-10.067475
Visit9,cute_TRIM2D_scan_targetID340_2025_03_30_03_29_frmid_5259_V2_nimgpkts_446_L1id21671_botrows_24_midrows_56.fits,5259,2025-03-30T03:29:31.000,796620608,100000,114.927150,24.212159,-10.058995
Visit9,cute_TRIM2D_scan_targetID340_2025_03_30_04_41_frmid_5260_V2_nimgpkts_446_L1id21341_botrows_24_midrows_56.fits,5260,2025-03-30T04:41:36.000,796624933,100000,114.966481,24.201542,-10.066765
Visit9,cute_TRIM2D_scan_targetID340_2025_03_30_04_44_frmid_5261_V2_nimgpkts_446_L1id21610_botrows_24_midrows_56.fits,5261,2025-03-30T04:44:21.000,796625098,100000,114.965945,24.204385,-10.069736
Visit9,cute_TRIM2D_scan_targetID340_2025_03_30_04_47_frmid_5262_V2_nimgpkts_446_L1id21310_botrows_24_midrows_56.fits,5262,2025-03-30T04:47:06.000,796625263,100000,114.966129,24.203705,-10.067448
Visit9,cute_TRIM2D_scan_targetID340_2025_03_30_04_49_frmid_5263_V2_nimgpkts_446_L1id21309_botrows_24_midrows_56.fits,5263,2025-03-30T04:49:51.000,796625428,100000,114.966604,24.205242,-10.064019
Visit9,cute_TRIM2D_scan_targetID340_2025_03_30_04_52_frmid_5264_V2_nimgpkts_446_L1id21308_botrows_24_midrows_56.fits,5264,2025-03-30T04:52:36.000,796625593,100000,114.965964,24.205626,-10.066854
Visit9,cute_TRIM2D_scan_targetID340_2025_03_30_04_55_frmid_5265_V2_nimgpkts_446_L1id21221_botrows_24_midrows_56.fits,5265,2025-03-30T04:55:21.000,796625758,100000,114.965940,24.203766,-10.069069
Visit9,cute_TRIM2D_scan_targetID340_2025_03_30_04_55_frmid_5265_V2_nimgpkts_446_L1id21307_botrows_24_midrows_56.fits,5265,2025-03-30T04:55:21.000,796625758,100000,114.965940,24.203766,-10.069069
Visit9,cute_TRIM2D_scan_targetID340_2025_03_30_04_58_frmid_5266_V2_nimgpkts_446_L1id21306_botrows_24_midrows_56.fits,5266,2025-03-30T04:58:06.000,796625923,100000,114.964736,24.202895,-10.062466
Visit9,cute_TRIM2D_scan_targetID340_2025_03_30_05_00_frmid_5267_V2_nimgpkts_446_L1id21818_botrows_24_midrows_56.fits,5267,2025-03-30T05:00:51.000,796626088,100000,114.963084,24.204748,-10.066934
