wave,flux,err
2.489908e+03,1.098631e-02,2.513447e-03
2.490367e+03,3.620944e-01,2.944414e-03
2.490826e+03,6.251202e-01,3.171326e-03
2.491285e+03,1.596010e-01,2.771384e-03
2.491744e+03,3.374328e-01,2.885107e-03
2.492202e+03,5.300147e-01,3.158555e-03
2.492661e+03,1.252321e+00,3.699885e-03
2.493120e+03,1.188617e-01,2.761870e-03
2.493579e+03,2.524282e-01,2.892336e-03
2.494037e+03,5.780649e-01,3.166629e-03
2.494496e+03,3.567646e-01,3.038026e-03
2.494954e+03,1.578261e-01,2.779037e-03
2.495413e+03,5.311166e-01,3.112683e-03
2.495871e+03,4.465710e-01,3.068970e-03
2.496329e+03,4.090901e-01,2.965452e-03
2.496788e+03,2.494561e-01,2.870917e-03
2.497246e+03,1.392625e-01,2.733442e-03
2.497704e+03,6.312795e-01,3.152993e-03
2.498162e+03,2.703697e-01,2.878036e-03
2.498620e+03,5.725998e-01,3.097530e-03
2.499078e+03,9.953284e-02,2.684349e-03
2.499536e+03,1.948112e-01,2.709433e-03
2.499994e+03,2.019469e-01,2.700054e-03
2.500452e+03,1.489993e-01,2.693164e-03
2.500910e+03,1.283673e-01,2.658777e-03
2.501368e+03,6.908964e-01,3.127185e-03
2.501825e+03,9.847542e-01,3.352117e-03
2.502283e+03,1.339498e-01,2.671887e-03
2.502741e+03,3.424643e-01,2.876377e-03
2.503198e+03,2.868569e-01,2.803157e-03
2.503656e+03,1.278264e-01,2.682901e-03
2.504113e+03,2.039746e-01,2.768945e-03
2.504571e+03,1.054138e+00,3.407730e-03
2.505028e+03,5.132876e-01,2.972845e-03
2.505485e+03,1.930970e-01,2.675224e-03
2.505942e+03,2.303518e-01,2.727768e-03
2.506400e+03,2.719338e-01,2.742940e-03
2.506857e+03,2.631700e-01,2.720645e-03
2.507314e+03,5.046663e-01,2.957171e-03
2.507771e+03,2.502108e-01,2.748026e-03
2.508228e+03,4.999698e-01,2.841310e-03
2.508685e+03,1.562481e-01,2.570388e-03
2.509141e+03,7.683317e-01,3.095750e-03
2.509598e+03,2.476660e-01,2.618750e-03
2.510055e+03,8.811236e-01,3.196848e-03
2.510512e+03,9.212795e-01,3.173315e-03
2.510968e+03,9.290271e-01,3.175874e-03
2.511425e+03,6.334778e-01,2.953247e-03
2.511881e+03,1.704180e-01,2.576842e-03
2.512338e+03,7.397539e-01,3.031075e-03
2.512794e+03,3.895225e-01,2.700165e-03
2.513251e+03,1.846073e-01,2.609224e-03
2.513707e+03,7.514805e-01,3.072142e-03
2.514163e+03,3.179688e-01,2.646596e-03
2.514619e+03,3.652316e-01,2.692947e-03
2.515076e+03,1.991103e-01,2.575280e-03
2.515532e+03,1.632488e-01,2.612652e-03
2.515988e+03,6.003340e-01,2.950596e-03
2.516444e+03,1.452175e-01,2.485023e-03
2.516900e+03,4.011888e-01,2.757027e-03
2.517356e+03,1.477372e-01,2.530134e-03
2.517811e+03,2.565226e-01,2.629449e-03
2.518267e+03,5.931507e-01,2.910495e-03
2.518723e+03,2.683693e-01,2.617669e-03
2.519179e+03,2.385923e-01,2.594201e-03
2.519634e+03,4.575482e-01,2.799944e-03
2.520090e+03,1.225191e+00,3.372257e-03
2.520545e+03,1.570242e-01,2.512059e-03
2.521001e+03,1.216620e-01,2.500687e-03
2.521456e+03,6.034865e-01,2.979688e-03
2.521911e+03,1.940834e-01,2.626953e-03
2.522367e+03,4.622854e-01,2.849133e-03
2.522822e+03,1.297812e-01,2.544150e-03
2.523277e+03,1.209965e-01,2.562233e-03
2.523732e+03,1.438742e-01,2.618187e-03
2.524187e+03,1.270572e-01,2.565231e-03
2.524642e+03,7.265836e-01,3.093973e-03
2.525097e+03,1.134531e-01,2.503116e-03
2.525552e+03,9.021847e-02,2.530763e-03
2.526007e+03,2.309622e-01,2.739087e-03
2.526462e+03,1.055144e-01,2.539560e-03
2.526917e+03,3.703232e-01,2.775459e-03
2.527371e+03,9.971553e-01,3.224521e-03
2.527826e+03,1.627983e-01,2.597961e-03
2.528281e+03,4.750511e-01,2.883748e-03
2.528735e+03,1.093127e-01,2.542529e-03
2.529190e+03,3.791549e-01,2.785115e-03
2.529644e+03,4.655442e-01,2.840605e-03
2.530098e+03,5.003149e-01,2.889313e-03
2.530553e+03,3.115531e-01,2.685536e-03
2.531007e+03,4.818939e-01,2.843089e-03
2.531461e+03,1.622845e-01,2.571771e-03
2.531915e+03,1.796380e-01,2.572313e-03
2.532370e+03,6.777473e-01,3.038866e-03
2.532824e+03,6.455460e-01,2.991612e-03
2.533278e+03,3.116986e-01,2.780870e-03
2.533732e+03,9.554431e-02,2.527229e-03
2.534185e+03,1.068490e-01,2.541105e-03
2.534639e+03,1.858442e-01,2.647329e-03
2.535093e+03,3.200642e-01,2.776770e-03
2.535547e+03,1.600517e-01,2.628530e-03
2.536000e+03,5.649436e-01,2.961715e-03
2.536454e+03,2.019853e-01,2.662031e-03
2.536908e+03,3.609280e-01,2.786624e-03
2.537361e+03,4.193647e-01,2.855796e-03
2.537815e+03,1.147655e-01,2.595884e-03
2.538268e+03,3.853170e-01,2.828939e-03
2.538721e+03,1.644094e-01,2.591683e-03
2.539175e+03,9.482108e-02,2.542019e-03
2.539628e+03,9.954124e-02,2.558810e-03
2.540081e+03,8.745972e-02,2.600178e-03
2.540534e+03,1.302778e-01,2.493061e-03
2.540987e+03,2.030462e-01,2.567720e-03
2.541440e+03,2.225994e-01,2.590844e-03
2.541893e+03,1.477487e-01,2.553193e-03
2.542346e+03,2.764202e-01,2.627269e-03
2.542799e+03,1.691243e-01,2.542305e-03
2.543252e+03,1.677757e-01,2.564249e-03
2.543705e+03,2.612034e-01,2.607893e-03
2.544158e+03,5.963587e-01,2.890258e-03
2.544610e+03,2.097830e-01,2.575651e-03
2.545063e+03,8.018032e-01,3.097312e-03
2.545515e+03,1.350144e-01,2.539154e-03
2.545968e+03,3.439452e-01,2.741981e-03
2.546420e+03,5.802357e-01,2.936362e-03
2.546873e+03,7.883801e-01,3.081214e-03
2.547325e+03,5.769443e-01,2.879145e-03
2.547777e+03,1.033483e+00,3.255627e-03
2.548230e+03,5.636302e-01,2.874303e-03
2.548682e+03,1.329960e-01,2.552851e-03
2.549134e+03,2.811875e-01,2.700389e-03
2.549586e+03,1.332721e-01,2.570851e-03
2.550038e+03,5.753366e-01,2.934628e-03
2.550490e+03,4.252436e-01,2.852552e-03
2.550942e+03,2.139321e-01,2.679713e-03
2.551394e+03,2.266882e-01,2.804439e-03
2.551845e+03,2.900418e-01,2.809457e-03
2.552297e+03,5.102903e-01,3.032183e-03
2.552749e+03,3.896607e-01,2.921780e-03
2.553201e+03,1.524397e-01,2.774173e-03
2.553652e+03,8.574263e-01,3.249874e-03
2.554104e+03,5.204266e-01,3.033432e-03
2.554555e+03,2.598333e-01,2.727189e-03
2.555007e+03,3.482865e-01,2.812586e-03
2.555458e+03,7.905478e-01,3.170197e-03
2.555909e+03,3.854844e-01,2.848072e-03
2.556361e+03,2.033181e-01,2.704069e-03
2.556812e+03,6.376491e-01,3.043484e-03
2.557263e+03,1.374369e-01,2.707138e-03
2.557714e+03,6.548283e-01,3.039039e-03
2.558165e+03,7.050745e-01,3.048547e-03
2.558616e+03,9.953930e-01,3.314079e-03
2.559067e+03,1.612028e-01,2.648485e-03
2.559518e+03,1.556002e-01,2.641035e-03
2.559969e+03,4.347662e-01,2.883036e-03
2.560420e+03,4.816947e-01,2.919843e-03
2.560870e+03,6.537056e-01,3.042323e-03
2.561321e+03,4.350464e-01,2.928912e-03
2.561772e+03,3.019381e-01,2.761653e-03
2.562222e+03,1.788123e-01,2.656726e-03
2.562673e+03,1.791208e-01,2.644487e-03
2.563123e+03,3.414446e-01,2.773554e-03
2.563574e+03,3.003812e-01,2.748220e-03
2.564024e+03,2.131782e-01,2.698917e-03
2.564474e+03,4.030227e-01,2.916382e-03
2.564924e+03,4.260734e-01,2.872716e-03
2.565375e+03,3.909944e-01,2.877570e-03
2.565825e+03,5.200054e-01,2.986833e-03
2.566275e+03,2.480525e-01,2.779396e-03
2.566725e+03,5.076701e-01,3.003146e-03
2.567175e+03,4.261460e-01,2.901670e-03
2.567625e+03,2.448783e-01,2.776969e-03
2.568075e+03,6.090190e-01,3.103000e-03
2.568524e+03,3.883592e-01,2.928235e-03
2.568974e+03,3.008241e-01,2.807511e-03
2.569424e+03,1.803734e+00,3.904469e-03
2.569874e+03,2.924280e-01,2.800605e-03
2.570323e+03,9.125312e-01,3.344388e-03
2.570773e+03,2.033313e-01,2.747311e-03
2.571222e+03,2.046497e-01,2.751694e-03
2.571672e+03,2.245767e-01,2.714469e-03
2.572121e+03,2.995859e-01,2.734667e-03
2.572570e+03,1.965394e-01,2.640895e-03
2.573020e+03,2.106754e-01,2.687115e-03
2.573469e+03,7.477178e-01,3.177385e-03
2.573918e+03,6.636046e-01,3.056853e-03
2.574367e+03,2.533327e-01,2.686091e-03
2.574816e+03,8.436804e-01,3.220832e-03
2.575265e+03,3.011950e-01,2.730660e-03
2.575714e+03,2.834206e-01,2.711372e-03
2.576163e+03,5.749846e-01,2.970980e-03
2.576612e+03,3.478011e-01,2.793822e-03
2.577061e+03,3.569281e-01,2.816636e-03
2.577510e+03,4.384023e-01,2.832361e-03
2.577958e+03,3.807488e-01,2.808268e-03
2.578407e+03,6.230445e-01,2.991391e-03
2.578855e+03,3.780003e-01,2.933451e-03
2.579304e+03,7.870554e-01,3.239410e-03
2.579752e+03,2.888849e-01,2.841890e-03
2.580201e+03,3.190255e-01,2.887108e-03
2.580649e+03,4.787264e-01,2.974148e-03
2.581098e+03,3.621164e-01,2.951841e-03
2.581546e+03,7.259146e-01,3.209095e-03
2.581994e+03,9.783472e-01,3.393395e-03
2.582442e+03,6.508304e-01,3.227462e-03
2.582890e+03,7.972330e-01,3.254270e-03
2.583338e+03,2.840815e-01,2.838992e-03
2.583786e+03,5.034858e-01,3.087058e-03
2.584234e+03,6.849705e-01,3.211625e-03
2.584682e+03,3.171792e-01,2.913891e-03
2.585130e+03,1.339761e+00,3.682865e-03
2.585578e+03,4.887736e-01,3.026293e-03
2.586025e+03,5.060604e-01,3.039072e-03
2.586473e+03,3.166501e-01,2.892102e-03
2.586921e+03,7.197922e-01,3.235148e-03
2.587368e+03,8.059867e-01,3.256535e-03
2.587816e+03,8.678503e-01,3.286550e-03
2.588263e+03,5.653219e-01,3.045769e-03
2.588711e+03,3.113598e-01,2.854110e-03
2.589158e+03,8.641465e-01,3.324767e-03
2.589605e+03,7.045453e-01,3.161661e-03
2.590053e+03,4.964167e-01,3.022216e-03
2.590500e+03,3.572137e-01,2.891736e-03
2.590947e+03,8.997650e-01,3.342378e-03
2.591394e+03,3.269621e-01,2.951649e-03
2.591841e+03,5.249949e-01,3.036677e-03
2.592288e+03,8.896775e-01,3.324293e-03
2.592735e+03,1.088719e+00,3.465519e-03
2.593182e+03,3.863225e-01,2.937842e-03
2.593629e+03,3.651143e-01,2.959695e-03
2.594075e+03,5.106847e-01,3.052760e-03
2.594522e+03,3.253231e-01,2.819451e-03
2.594969e+03,6.445193e-01,3.133972e-03
2.595415e+03,9.321325e-01,3.375022e-03
2.595862e+03,7.989494e-01,3.318526e-03
2.596308e+03,5.546680e-01,3.125077e-03
2.596755e+03,2.562155e-01,2.852330e-03
2.597201e+03,3.784550e-01,2.981040e-03
2.597647e+03,3.304653e-01,2.914284e-03
2.598094e+03,6.487740e-01,3.200286e-03
2.598540e+03,6.153676e-01,3.166485e-03
2.598986e+03,5.528903e-01,3.123791e-03
2.599432e+03,3.257787e-01,2.937613e-03
2.599878e+03,6.731538e-01,3.224236e-03
2.600324e+03,3.916778e-01,2.992529e-03
2.600770e+03,8.314573e-01,3.370545e-03
2.601216e+03,2.992068e-01,2.993205e-03
2.601662e+03,5.557526e-01,3.172296e-03
2.602108e+03,3.136561e-01,2.929436e-03
2.602553e+03,3.134147e-01,2.930120e-03
2.602999e+03,4.344227e-01,3.009682e-03
2.603445e+03,4.561879e-01,3.049793e-03
2.603890e+03,7.307389e-01,3.190009e-03
2.604336e+03,2.338910e-01,2.767726e-03
2.604781e+03,2.312764e-01,2.795836e-03
2.605227e+03,7.063739e-01,3.183754e-03
2.605672e+03,7.784128e-01,3.213743e-03
2.606117e+03,1.134884e+00,3.521952e-03
2.606563e+03,2.916685e-01,2.859909e-03
2.607008e+03,6.484410e-01,3.145077e-03
2.607453e+03,2.889851e-01,2.978743e-03
2.607898e+03,2.975282e-01,3.011111e-03
2.608343e+03,7.204597e-01,3.312823e-03
2.608788e+03,4.391749e-01,3.102978e-03
2.609233e+03,7.520151e-01,3.318570e-03
2.609678e+03,1.791826e-01,2.834028e-03
2.610123e+03,5.667189e-01,3.191662e-03
2.610568e+03,6.016219e-01,3.210233e-03
2.611012e+03,1.908935e-01,2.853829e-03
2.611457e+03,3.336344e-01,3.022784e-03
2.611902e+03,3.175707e-01,3.010151e-03
2.612346e+03,4.532412e-01,3.081262e-03
2.612791e+03,2.105793e-01,2.989634e-03
2.613235e+03,2.300921e-01,2.895691e-03
2.613680e+03,6.324729e-01,3.253690e-03
2.614124e+03,4.891530e-01,3.133628e-03
2.614568e+03,2.352777e-01,2.849337e-03
2.615012e+03,4.460541e-01,3.076351e-03
2.615457e+03,1.000174e+00,3.480097e-03
2.615901e+03,7.619095e-01,3.318222e-03
2.616345e+03,5.609869e-01,3.129620e-03
2.616789e+03,3.443091e-01,2.980148e-03
2.617233e+03,2.401029e-01,2.897124e-03
2.617677e+03,2.118111e-01,2.816628e-03
2.618121e+03,5.190897e-01,3.129359e-03
2.618564e+03,7.661978e-01,3.320334e-03
2.619008e+03,5.472851e-01,3.163307e-03
2.619452e+03,5.729909e-01,3.209709e-03
2.619895e+03,2.586206e-01,2.913404e-03
2.620339e+03,2.482202e-01,3.002873e-03
2.620783e+03,6.856662e-01,3.357347e-03
2.621226e+03,1.992915e-01,2.902215e-03
2.621669e+03,1.820395e-01,2.878648e-03
2.622113e+03,1.870961e-01,2.857122e-03
2.622556e+03,2.054972e-01,2.938848e-03
2.622999e+03,1.988349e-01,2.856192e-03
2.623443e+03,6.606240e-01,3.300162e-03
2.623886e+03,2.608474e-01,2.970016e-03
2.624329e+03,6.246697e-01,3.286865e-03
2.624772e+03,2.408822e-01,2.950543e-03
2.625215e+03,7.847830e-01,3.440656e-03
2.625658e+03,2.633363e-01,2.968696e-03
2.626101e+03,2.339594e-01,2.929931e-03
2.626544e+03,7.758860e-01,3.376078e-03
2.626986e+03,7.359134e-01,3.324349e-03
2.627429e+03,4.100008e-01,3.135578e-03
2.627872e+03,2.431903e-01,2.974446e-03
2.628314e+03,6.963307e-01,3.387899e-03
2.628757e+03,7.370484e-01,3.367245e-03
2.629200e+03,5.286850e-01,3.266393e-03
2.629642e+03,2.413457e-01,3.042852e-03
2.630084e+03,3.485733e-01,3.092946e-03
2.630527e+03,3.662828e-01,3.108259e-03
2.630969e+03,7.868746e-01,3.448280e-03
2.631411e+03,8.975890e-01,3.531146e-03
2.631854e+03,3.905547e-01,3.162045e-03
2.632296e+03,2.640786e-01,3.063435e-03
2.632738e+03,2.437993e-01,3.009097e-03
2.633180e+03,3.372283e-01,3.085888e-03
2.633622e+03,7.625623e-01,3.440411e-03
2.634064e+03,2.406677e-01,3.038723e-03
2.634506e+03,2.555851e-01,2.983217e-03
2.634947e+03,2.437949e-01,3.068744e-03
2.635389e+03,2.976308e-01,2.969440e-03
2.635831e+03,4.277969e-01,3.237282e-03
2.636273e+03,4.867427e-01,3.313838e-03
2.636714e+03,8.264358e-01,3.489949e-03
2.637156e+03,3.736565e-01,3.145142e-03
2.637597e+03,3.817706e-01,3.148323e-03
2.638039e+03,6.659189e-01,3.364331e-03
2.638480e+03,1.958445e-01,2.995947e-03
2.638921e+03,4.461906e-01,3.218700e-03
2.639363e+03,2.151334e-01,3.057804e-03
2.639804e+03,2.591199e-01,3.057200e-03
2.640245e+03,1.916872e-01,3.061903e-03
2.640686e+03,9.414866e-01,3.644640e-03
2.641127e+03,4.807884e-01,3.314324e-03
2.641568e+03,3.326384e-01,3.187386e-03
2.642009e+03,8.939923e-01,3.624643e-03
2.642450e+03,4.165845e-01,3.176386e-03
2.642891e+03,6.852799e-01,3.394082e-03
2.643332e+03,4.494882e-01,3.206284e-03
2.643773e+03,6.088472e-01,3.386028e-03
2.644213e+03,3.463238e-01,3.108097e-03
2.644654e+03,9.137428e-01,3.605489e-03
2.645094e+03,1.273962e+00,3.865111e-03
2.645535e+03,4.169559e-01,3.268205e-03
2.645975e+03,4.429719e-01,3.230536e-03
2.646416e+03,1.242368e+00,3.816949e-03
2.646856e+03,5.028061e-01,3.303870e-03
2.647297e+03,1.034369e+00,3.682136e-03
2.647737e+03,1.226130e+00,3.795615e-03
2.648177e+03,1.022911e+00,3.673733e-03
2.648617e+03,1.640820e+00,4.122991e-03
2.649057e+03,9.774810e-01,3.621521e-03
2.649497e+03,1.082452e+00,3.743974e-03
2.649937e+03,5.675403e-01,3.356623e-03
2.650377e+03,1.364549e+00,3.923633e-03
2.650817e+03,6.304625e-01,3.343177e-03
2.651257e+03,1.023469e+00,3.705357e-03
2.651697e+03,6.457142e-01,3.410236e-03
2.652137e+03,8.811569e-01,3.622687e-03
2.652576e+03,9.654877e-01,3.692492e-03
2.653016e+03,6.418004e-01,3.440046e-03
2.653455e+03,7.180685e-01,3.500412e-03
2.653895e+03,6.816936e-01,3.406375e-03
2.654334e+03,6.153148e-01,3.412854e-03
2.654774e+03,2.276286e+00,4.537099e-03
2.655213e+03,9.819931e-01,3.621494e-03
2.655652e+03,1.036674e+00,3.702395e-03
2.656092e+03,6.610253e-01,3.396456e-03
2.656531e+03,5.563036e-01,3.378828e-03
2.656970e+03,1.450636e+00,4.028656e-03
2.657409e+03,7.062187e-01,3.476564e-03
2.657848e+03,9.267143e-01,3.641051e-03
2.658287e+03,4.731903e-01,3.288243e-03
2.658726e+03,4.887683e-01,3.326880e-03
2.659165e+03,7.438104e-01,3.657567e-03
2.659604e+03,7.071804e-01,3.500420e-03
2.660042e+03,4.888328e-01,3.317753e-03
2.660481e+03,5.978669e-01,3.401973e-03
2.660920e+03,1.330836e+00,3.941599e-03
2.661358e+03,9.944662e-01,3.701827e-03
2.661797e+03,5.611433e-01,3.391842e-03
2.662235e+03,1.002223e+00,3.736442e-03
2.662674e+03,1.203392e+00,3.866745e-03
2.663112e+03,6.303857e-01,3.468345e-03
2.663551e+03,1.041917e+00,3.803131e-03
2.663989e+03,5.978146e-01,3.556915e-03
2.664427e+03,1.007682e+00,3.872833e-03
2.664865e+03,1.028690e+00,3.876454e-03
2.665303e+03,7.372459e-01,3.647632e-03
2.665742e+03,6.826358e-01,3.616186e-03
2.666180e+03,6.408105e-01,3.494639e-03
2.666617e+03,7.899789e-01,3.660500e-03
2.667055e+03,9.241276e-01,3.689690e-03
2.667493e+03,9.335875e-01,3.720287e-03
2.667931e+03,8.375332e-01,3.600140e-03
2.668369e+03,6.082389e-01,3.471535e-03
2.668806e+03,7.404817e-01,3.613384e-03
2.669244e+03,1.354314e+00,4.069032e-03
2.669682e+03,6.242077e-01,3.489827e-03
2.670119e+03,5.817818e-01,3.485801e-03
2.670557e+03,8.510552e-01,3.660709e-03
2.670994e+03,7.594187e-01,3.588023e-03
2.671431e+03,5.821002e-01,3.411727e-03
2.671869e+03,9.974073e-01,3.767483e-03
2.672306e+03,5.599726e-01,3.416393e-03
2.672743e+03,8.387093e-01,3.731579e-03
2.673180e+03,5.883025e-01,3.514893e-03
2.673617e+03,5.473940e-01,3.384674e-03
2.674055e+03,1.190594e+00,3.953860e-03
2.674492e+03,1.038214e+00,3.814905e-03
2.674928e+03,7.118579e-01,3.663852e-03
2.675365e+03,7.527007e-01,3.603388e-03
2.675802e+03,6.672383e-01,3.491828e-03
2.676239e+03,1.923399e+00,4.453910e-03
2.676676e+03,5.972418e-01,3.421302e-03
2.677112e+03,1.066836e+00,3.822219e-03
2.677549e+03,5.570387e-01,3.417289e-03
2.677986e+03,6.163194e-01,3.509824e-03
2.678422e+03,5.471005e-01,3.407838e-03
2.678858e+03,5.391287e-01,3.428873e-03
2.679295e+03,9.597401e-01,3.827943e-03
2.679731e+03,1.422312e+00,4.060920e-03
2.680168e+03,7.118829e-01,3.566125e-03
2.680604e+03,6.850929e-01,3.542374e-03
2.681040e+03,7.271174e-01,3.575041e-03
2.681476e+03,5.602611e-01,3.429028e-03
2.681912e+03,1.052772e+00,3.822715e-03
2.682348e+03,1.756821e+00,4.344937e-03
2.682784e+03,1.043200e+00,3.819083e-03
2.683220e+03,5.877971e-01,3.437380e-03
2.683656e+03,1.712130e+00,4.277777e-03
2.684092e+03,8.208016e-01,3.681026e-03
2.684527e+03,6.212195e-01,3.499641e-03
2.684963e+03,6.271753e-01,3.508858e-03
2.685399e+03,1.125128e+00,3.899318e-03
2.685834e+03,8.557985e-01,3.690900e-03
2.686270e+03,1.710773e+00,4.309900e-03
2.686705e+03,7.857336e-01,3.628886e-03
2.687141e+03,6.751316e-01,3.540333e-03
2.687576e+03,6.607382e-01,3.525794e-03
2.688012e+03,1.654273e+00,4.267197e-03
2.688447e+03,8.765008e-01,3.739132e-03
2.688882e+03,8.599351e-01,3.686909e-03
2.689317e+03,8.150041e-01,3.720030e-03
2.689752e+03,9.007489e-01,3.753735e-03
2.690187e+03,1.101636e+00,3.915429e-03
2.690622e+03,1.244954e+00,4.032891e-03
2.691057e+03,8.149007e-01,3.730144e-03
2.691492e+03,1.208710e+00,3.973317e-03
2.691927e+03,1.222696e+00,4.100639e-03
2.692362e+03,1.316225e+00,4.135749e-03
2.692797e+03,1.083527e+00,3.971482e-03
2.693231e+03,5.750192e-01,3.596751e-03
2.693666e+03,6.310070e-01,3.707580e-03
2.694101e+03,7.873876e-01,3.808441e-03
2.694535e+03,1.444652e+00,4.242612e-03
2.694970e+03,6.085685e-01,3.662878e-03
2.695404e+03,1.210141e+00,4.109003e-03
2.695838e+03,5.646787e-01,3.581757e-03
2.696273e+03,1.152346e+00,4.070221e-03
2.696707e+03,5.665966e-01,3.645277e-03
2.697141e+03,5.690232e-01,3.524127e-03
2.697575e+03,5.848906e-01,3.565403e-03
2.698009e+03,1.212738e+00,4.017695e-03
2.698443e+03,5.298617e-01,3.494921e-03
2.698877e+03,1.058901e+00,3.936169e-03
2.699311e+03,5.176689e-01,3.527761e-03
2.699745e+03,5.876535e-01,3.513423e-03
2.700179e+03,6.765841e-01,3.572966e-03
2.700613e+03,5.877032e-01,3.489459e-03
2.701046e+03,7.912739e-01,3.659914e-03
2.701480e+03,7.102850e-01,3.617120e-03
2.701914e+03,8.213698e-01,3.757135e-03
2.702347e+03,1.329261e+00,4.080652e-03
2.702781e+03,1.217424e+00,4.022363e-03
2.703214e+03,6.921965e-01,3.588546e-03
2.703648e+03,9.418608e-01,3.814545e-03
2.704081e+03,7.011371e-01,3.622109e-03
2.704514e+03,5.014260e-01,3.453704e-03
2.704948e+03,5.206871e-01,3.495799e-03
2.705381e+03,5.018792e-01,3.583116e-03
2.705814e+03,5.615944e-01,3.517756e-03
2.706247e+03,5.517412e-01,3.562179e-03
2.706680e+03,6.904420e-01,3.633485e-03
2.707113e+03,7.654850e-01,3.702146e-03
2.707546e+03,8.415350e-01,3.743911e-03
2.707979e+03,8.597758e-01,3.861173e-03
2.708411e+03,6.511972e-01,3.601541e-03
2.708844e+03,1.055240e+00,3.974779e-03
2.709277e+03,9.244332e-01,3.801466e-03
2.709710e+03,1.428220e+00,4.233940e-03
2.710142e+03,7.643704e-01,3.704748e-03
2.710575e+03,8.535361e-01,3.752911e-03
2.711007e+03,1.116785e+00,3.972817e-03
2.711440e+03,8.393270e-01,3.726528e-03
2.711872e+03,1.157875e+00,3.998593e-03
2.712304e+03,6.389975e-01,3.634134e-03
2.712737e+03,6.671342e-01,3.696778e-03
2.713169e+03,2.305438e+00,4.756241e-03
2.713601e+03,9.854199e-01,3.913838e-03
2.714033e+03,9.917810e-01,3.947994e-03
2.714465e+03,6.449607e-01,3.586452e-03
2.714897e+03,9.288223e-01,3.874327e-03
2.715329e+03,1.210901e+00,4.079029e-03
2.715761e+03,1.106899e+00,3.999876e-03
2.716193e+03,1.090230e+00,3.968127e-03
2.716625e+03,6.015537e-01,3.593366e-03
2.717056e+03,7.921841e-01,3.778087e-03
2.717488e+03,6.472084e-01,3.592126e-03
2.717920e+03,9.085274e-01,3.809175e-03
2.718351e+03,8.522864e-01,3.793250e-03
2.718783e+03,1.371258e+00,4.203072e-03
2.719214e+03,6.859641e-01,3.676765e-03
2.719646e+03,9.604471e-01,3.973325e-03
2.720077e+03,1.164415e+00,4.145409e-03
2.720508e+03,5.771358e-01,3.708668e-03
2.720939e+03,8.014647e-01,3.918927e-03
2.721371e+03,6.395914e-01,3.695612e-03
2.721802e+03,8.987691e-01,3.958085e-03
2.722233e+03,7.213866e-01,3.874912e-03
2.722664e+03,1.385120e+00,4.322601e-03
2.723095e+03,1.706116e+00,4.535575e-03
2.723526e+03,5.456059e-01,3.692698e-03
2.723957e+03,6.699849e-01,3.795705e-03
2.724387e+03,5.409684e-01,3.681436e-03
2.724818e+03,5.207331e-01,3.638978e-03
2.725249e+03,7.776552e-01,3.830791e-03
2.725680e+03,7.710526e-01,3.853570e-03
2.726110e+03,4.918197e-01,3.594727e-03
2.726541e+03,5.070091e-01,3.594423e-03
2.726971e+03,1.663570e+00,4.470943e-03
2.727402e+03,1.058879e+00,4.024875e-03
2.727832e+03,4.539710e-01,3.581064e-03
2.728262e+03,1.047866e+00,3.948918e-03
2.728693e+03,1.414746e+00,4.218296e-03
2.729123e+03,7.054355e-01,3.704321e-03
2.729553e+03,4.715604e-01,3.471019e-03
2.729983e+03,1.329072e+00,4.195134e-03
2.730413e+03,8.099633e-01,3.868924e-03
2.730843e+03,7.252395e-01,3.674826e-03
2.731273e+03,3.679356e-01,3.415443e-03
2.731703e+03,5.022421e-01,3.516085e-03
2.732133e+03,1.254487e+00,4.134274e-03
2.732563e+03,9.192409e-01,3.873452e-03
2.732993e+03,4.165370e-01,3.460098e-03
2.733422e+03,1.049635e+00,3.944914e-03
2.733852e+03,4.777325e-01,3.482040e-03
2.734282e+03,1.105889e+00,4.024709e-03
2.734711e+03,4.787337e-01,3.496958e-03
2.735141e+03,6.314520e-01,3.657524e-03
2.735570e+03,9.963359e-01,3.982736e-03
2.735999e+03,1.519190e+00,4.369097e-03
2.736429e+03,5.319518e-01,3.588354e-03
2.736858e+03,8.691747e-01,3.791374e-03
2.737287e+03,5.025400e-01,3.534612e-03
2.737716e+03,1.225898e+00,4.156591e-03
2.738145e+03,8.188674e-01,3.854486e-03
2.738574e+03,7.133267e-01,3.694836e-03
2.739003e+03,9.227782e-01,3.866449e-03
2.739432e+03,6.103912e-01,3.665505e-03
2.739861e+03,5.612668e-01,3.622829e-03
2.740290e+03,1.014378e+00,3.943230e-03
2.740719e+03,8.885494e-01,3.870856e-03
2.741148e+03,7.249195e-01,3.767386e-03
2.741576e+03,6.632061e-01,3.721294e-03
2.742005e+03,1.228071e+00,4.170849e-03
2.742433e+03,6.895950e-01,3.690847e-03
2.742862e+03,6.017676e-01,3.620864e-03
2.743290e+03,5.849859e-01,3.616582e-03
2.743719e+03,7.279945e-01,3.737093e-03
2.744147e+03,7.754061e-01,3.776300e-03
2.744575e+03,5.515568e-01,3.552707e-03
2.745004e+03,6.771633e-01,3.699654e-03
2.745432e+03,9.782545e-01,3.907615e-03
2.745860e+03,4.405505e-01,3.490395e-03
2.746288e+03,8.723112e-01,3.830935e-03
2.746716e+03,4.162384e-01,3.466857e-03
2.747144e+03,4.999367e-01,3.641986e-03
2.747572e+03,6.821154e-01,3.777445e-03
2.748000e+03,7.106360e-01,3.815925e-03
2.748428e+03,6.805740e-01,3.790690e-03
2.748855e+03,3.453113e-01,3.497766e-03
2.749283e+03,4.254094e-01,3.590599e-03
2.749711e+03,3.329136e-01,3.496160e-03
2.750138e+03,7.118691e-01,3.871785e-03
2.750566e+03,1.911737e+00,4.702029e-03
2.750993e+03,1.443921e+00,4.367131e-03
2.751421e+03,2.960408e-01,3.628244e-03
2.751848e+03,8.556404e-01,3.967880e-03
2.752276e+03,1.430223e+00,4.391759e-03
2.752703e+03,3.288424e-01,3.523821e-03
2.753130e+03,3.670105e-01,3.569536e-03
2.753557e+03,7.386360e-01,3.926647e-03
2.753984e+03,1.237636e+00,4.289167e-03
2.754411e+03,8.691237e-01,3.980166e-03
2.754838e+03,1.106461e+00,4.209903e-03
2.755265e+03,7.369562e-01,3.818673e-03
2.755692e+03,9.037139e-01,4.014026e-03
2.756119e+03,3.002629e-01,3.572632e-03
2.756546e+03,8.817607e-01,4.030833e-03
2.756973e+03,3.567344e-01,3.548283e-03
2.757399e+03,4.133703e-01,3.654616e-03
2.757826e+03,1.138909e+00,4.074455e-03
2.758253e+03,4.323790e-01,3.545012e-03
2.758679e+03,4.410735e-01,3.468188e-03
2.759106e+03,3.440237e-01,3.420831e-03
2.759532e+03,9.830427e-01,3.948187e-03
2.759958e+03,5.255788e-01,3.595652e-03
2.760385e+03,4.389228e-01,3.502138e-03
2.760811e+03,1.462367e+00,4.337705e-03
2.761237e+03,3.455900e-01,3.418888e-03
2.761663e+03,1.067360e+00,4.036667e-03
2.762089e+03,5.211796e-01,3.545477e-03
2.762515e+03,4.586209e-01,3.506517e-03
2.762941e+03,1.496050e+00,4.311193e-03
2.763367e+03,6.614252e-01,3.647838e-03
2.763793e+03,9.104778e-01,3.874600e-03
2.764219e+03,6.198974e-01,3.648241e-03
2.764645e+03,3.710197e-01,3.438130e-03
2.765071e+03,5.865431e-01,3.634816e-03
2.765496e+03,6.211300e-01,3.709419e-03
2.765922e+03,5.227166e-01,3.618484e-03
2.766347e+03,9.566949e-01,3.904859e-03
2.766773e+03,4.171086e-01,3.474125e-03
2.767198e+03,7.196874e-01,3.750630e-03
2.767624e+03,4.920687e-01,3.605124e-03
2.768049e+03,4.896124e-01,3.558770e-03
2.768474e+03,6.179011e-01,3.657597e-03
2.768900e+03,1.347687e+00,4.159763e-03
2.769325e+03,5.483761e-01,3.620829e-03
2.769750e+03,6.305821e-01,3.629765e-03
2.770175e+03,6.891902e-01,3.690976e-03
2.770600e+03,7.753984e-01,3.768036e-03
2.771025e+03,5.654440e-01,3.620997e-03
2.771450e+03,6.346936e-01,3.658243e-03
2.771875e+03,9.035366e-01,3.865187e-03
2.772300e+03,5.782985e-01,3.610770e-03
2.772724e+03,6.043879e-01,3.588357e-03
2.773149e+03,5.656641e-01,3.582214e-03
2.773574e+03,7.019679e-01,3.697878e-03
2.773998e+03,9.019972e-01,3.839433e-03
2.774423e+03,6.210983e-01,3.729093e-03
2.774847e+03,6.812722e-01,3.803840e-03
2.775272e+03,1.178500e+00,4.180582e-03
2.775696e+03,1.275949e+00,4.276288e-03
2.776120e+03,1.139976e+00,4.149613e-03
2.776545e+03,1.479951e+00,4.363684e-03
2.776969e+03,7.300436e-01,3.877081e-03
2.777393e+03,5.608084e-01,3.693965e-03
2.777817e+03,1.114221e+00,4.111451e-03
2.778241e+03,7.895240e-01,3.860941e-03
2.778665e+03,1.174862e+00,4.160182e-03
2.779089e+03,7.253385e-01,3.926731e-03
2.779513e+03,8.044681e-01,3.871882e-03
2.779937e+03,8.819492e-01,3.965348e-03
2.780361e+03,5.791957e-01,3.736737e-03
2.780785e+03,8.590423e-01,3.971836e-03
2.781208e+03,1.257797e+00,4.249845e-03
2.781632e+03,6.247881e-01,3.735917e-03
2.782055e+03,1.124269e+00,4.194077e-03
2.782479e+03,5.789187e-01,3.765531e-03
2.782902e+03,5.951975e-01,3.739252e-03
2.783326e+03,1.133201e+00,4.163380e-03
2.783749e+03,1.146857e+00,4.192908e-03
2.784172e+03,1.023745e+00,4.069633e-03
2.784596e+03,1.151077e+00,4.197251e-03
2.785019e+03,5.966291e-01,3.742989e-03
2.785442e+03,1.626135e+00,4.496480e-03
2.785865e+03,5.388401e-01,3.689145e-03
2.786288e+03,5.564373e-01,3.658501e-03
2.786711e+03,7.879504e-01,3.877676e-03
2.787134e+03,7.758356e-01,3.864690e-03
2.787557e+03,4.860137e-01,3.680483e-03
2.787980e+03,4.161739e-01,3.510938e-03
2.788403e+03,8.497408e-01,3.769522e-03
2.788825e+03,9.906053e-01,3.952105e-03
2.789248e+03,6.750390e-01,3.667885e-03
2.789671e+03,6.100646e-01,3.598899e-03
2.790093e+03,4.455777e-01,3.463374e-03
2.790516e+03,5.109176e-01,3.488245e-03
2.790938e+03,9.337211e-01,3.901081e-03
2.791360e+03,9.183939e-01,3.842357e-03
2.791783e+03,1.417590e+00,4.296585e-03
2.792205e+03,3.958021e-01,3.495300e-03
2.792627e+03,3.592240e-01,3.408394e-03
2.793050e+03,1.079176e+00,4.048358e-03
2.793472e+03,8.697413e-01,3.866269e-03
2.793894e+03,4.046993e-01,3.457021e-03
2.794316e+03,1.059371e+00,4.004623e-03
2.794738e+03,8.753186e-01,3.808685e-03
2.795160e+03,1.200745e+00,4.062839e-03
2.795581e+03,6.208323e-01,3.668032e-03
2.796003e+03,3.973336e-01,3.435848e-03
2.796425e+03,3.651888e-01,3.372256e-03
2.796847e+03,3.544558e-01,3.406539e-03
2.797268e+03,1.622155e+00,4.358184e-03
2.797690e+03,3.582100e-01,3.432590e-03
2.798111e+03,3.766032e-01,3.443276e-03
2.798533e+03,4.205998e-01,3.529126e-03
2.798954e+03,5.566478e-01,3.547137e-03
2.799376e+03,3.685179e-01,3.464432e-03
2.799797e+03,9.204877e-01,3.906304e-03
2.800218e+03,7.775327e-01,3.753137e-03
2.800640e+03,9.695008e-01,3.906044e-03
2.801061e+03,4.599500e-01,3.487925e-03
2.801482e+03,7.019487e-01,3.773851e-03
2.801903e+03,3.512676e-01,3.455753e-03
2.802324e+03,2.162357e-01,3.324633e-03
2.802745e+03,5.194884e-01,3.606337e-03
2.803166e+03,9.846873e-01,3.945274e-03
2.803587e+03,6.981267e-01,3.754926e-03
2.804007e+03,3.084943e-01,3.497288e-03
2.804428e+03,1.783441e-01,3.301537e-03
2.804849e+03,1.804940e-01,3.336484e-03
2.805269e+03,5.050875e-01,3.603573e-03
2.805690e+03,1.445791e-01,3.394774e-03
2.806110e+03,1.749568e-01,3.432687e-03
2.806531e+03,2.163997e-01,3.383768e-03
2.806951e+03,1.351633e-01,3.312403e-03
2.807372e+03,3.200223e-01,3.486342e-03
2.807792e+03,1.825400e-01,3.265109e-03
2.808212e+03,3.945295e-01,3.525242e-03
2.808632e+03,1.026038e+00,3.945510e-03
2.809053e+03,4.560152e-01,3.561241e-03
2.809473e+03,8.385557e-01,3.813722e-03
2.809893e+03,1.804029e+00,4.510297e-03
2.810313e+03,2.068582e-01,3.395670e-03
2.810733e+03,2.926002e-01,3.427590e-03
2.811152e+03,1.487576e+00,4.288469e-03
2.811572e+03,3.051706e-01,3.372479e-03
2.811992e+03,7.904783e-01,3.814698e-03
2.812412e+03,8.163136e-01,3.824944e-03
2.812831e+03,1.728201e+00,4.513940e-03
2.813251e+03,2.963327e-01,3.365561e-03
2.813671e+03,8.321017e-01,3.819413e-03
2.814090e+03,4.533535e-01,3.604973e-03
2.814509e+03,5.961552e-01,3.659992e-03
2.814929e+03,1.519146e+00,4.399063e-03
2.815348e+03,3.570307e-01,3.480917e-03
2.815767e+03,3.634592e-01,3.439542e-03
2.816187e+03,2.766897e-01,3.340178e-03
2.816606e+03,5.788097e-01,3.568675e-03
2.817025e+03,7.291126e-01,3.723846e-03
2.817444e+03,5.690806e-01,3.554517e-03
2.817863e+03,1.035860e+00,3.891826e-03
2.818282e+03,3.163849e-01,3.376066e-03
2.818701e+03,8.557789e-01,3.725157e-03
2.819120e+03,3.454403e-01,3.352295e-03
2.819539e+03,6.559147e-01,3.619159e-03
2.819957e+03,3.652930e-01,3.335809e-03
2.820376e+03,4.797810e-01,3.435217e-03
2.820795e+03,3.969296e-01,3.348321e-03
2.821213e+03,4.208801e-01,3.399776e-03
2.821632e+03,1.105454e+00,3.901180e-03
2.822050e+03,5.066069e-01,3.465572e-03
2.822469e+03,4.360003e-01,3.404369e-03
2.822887e+03,1.053211e+00,3.919965e-03
2.823305e+03,1.078053e+00,3.906126e-03
2.823724e+03,1.274715e+00,4.034677e-03
2.824142e+03,7.167329e-01,3.692126e-03
2.824560e+03,5.141295e-01,3.498001e-03
2.824978e+03,1.271090e+00,4.034314e-03
2.825396e+03,9.410167e-01,3.853492e-03
2.825814e+03,7.488368e-01,3.652791e-03
2.826232e+03,6.030738e-01,3.546873e-03
2.826650e+03,8.122795e-01,3.758346e-03
2.827068e+03,1.391244e+00,4.123235e-03
2.827486e+03,6.038808e-01,3.516990e-03
2.827903e+03,7.931530e-01,3.803357e-03
2.828321e+03,6.096463e-01,3.668542e-03
2.828739e+03,7.000570e-01,3.680381e-03
2.829156e+03,6.445709e-01,3.670886e-03
2.829574e+03,1.637622e+00,4.416750e-03
2.829991e+03,1.446003e+00,4.285578e-03
2.830409e+03,9.605692e-01,3.911831e-03
2.830826e+03,6.879872e-01,3.730552e-03
2.831243e+03,6.869174e-01,3.713417e-03
2.831660e+03,1.693302e+00,4.467409e-03
2.832078e+03,1.607163e+00,4.332848e-03
2.832495e+03,7.847328e-01,3.813098e-03
2.832912e+03,6.968692e-01,3.696000e-03
2.833329e+03,1.231305e+00,4.065640e-03
2.833746e+03,9.152086e-01,3.886427e-03
2.834163e+03,9.814856e-01,3.934276e-03
2.834580e+03,8.546284e-01,3.776279e-03
2.834996e+03,7.097671e-01,3.648322e-03
2.835413e+03,7.944680e-01,3.783455e-03
2.835830e+03,1.922120e+00,4.498594e-03
2.836247e+03,7.772517e-01,3.697266e-03
2.836663e+03,7.575842e-01,3.708280e-03
2.837080e+03,2.033783e+00,4.602095e-03
2.837496e+03,1.821456e+00,4.542085e-03
2.837913e+03,1.179763e+00,3.996377e-03
2.838329e+03,1.109624e+00,3.958309e-03
2.838745e+03,7.968091e-01,3.732287e-03
2.839162e+03,1.354425e+00,4.175097e-03
2.839578e+03,1.153451e+00,3.999334e-03
2.839994e+03,1.090124e+00,3.949768e-03
2.840410e+03,1.380168e+00,4.198826e-03
2.840826e+03,1.204456e+00,4.074986e-03
2.841242e+03,1.360661e+00,4.192333e-03
2.841658e+03,1.273088e+00,4.056141e-03
2.842074e+03,8.083936e-01,3.786541e-03
2.842490e+03,1.652282e+00,4.363663e-03
2.842906e+03,7.699592e-01,3.713882e-03
2.843321e+03,1.166395e+00,3.978567e-03
2.843737e+03,7.364581e-01,3.683831e-03
2.844153e+03,2.335968e+00,4.778200e-03
2.844568e+03,1.177200e+00,4.037313e-03
2.844984e+03,7.410893e-01,3.732536e-03
2.845399e+03,7.909974e-01,3.792586e-03
2.845815e+03,7.604184e-01,3.791086e-03
2.846230e+03,1.015274e+00,3.910816e-03
2.846645e+03,8.820840e-01,3.810965e-03
2.847061e+03,8.350135e-01,3.673277e-03
2.847476e+03,1.064593e+00,3.841866e-03
2.847891e+03,1.301216e+00,4.043794e-03
2.848306e+03,8.593798e-01,3.700936e-03
2.848721e+03,8.093855e-01,3.616653e-03
2.849136e+03,7.769918e-01,3.633276e-03
2.849551e+03,8.931664e-01,3.697983e-03
2.849966e+03,1.223952e+00,3.992499e-03
2.850381e+03,1.271545e+00,3.982689e-03
2.850796e+03,9.270726e-01,3.738972e-03
2.851210e+03,1.174423e+00,3.962250e-03
2.851625e+03,6.854185e-01,3.541690e-03
2.852040e+03,1.229236e+00,3.953152e-03
2.852454e+03,1.135009e+00,3.887523e-03
2.852869e+03,6.518674e-01,3.600826e-03
2.853283e+03,6.345938e-01,3.481193e-03
2.853697e+03,1.277560e+00,3.959943e-03
2.854112e+03,2.079219e+00,4.530938e-03
2.854526e+03,1.010874e+00,3.816625e-03
2.854940e+03,8.191734e-01,3.754773e-03
2.855354e+03,8.303264e-01,3.691842e-03
2.855769e+03,1.176499e+00,3.961080e-03
2.856183e+03,5.347150e-01,3.490839e-03
2.856597e+03,5.326974e-01,3.486697e-03
2.857011e+03,1.386667e+00,4.199235e-03
2.857425e+03,8.424886e-01,3.736041e-03
2.857838e+03,9.053350e-01,3.795367e-03
2.858252e+03,4.585643e-01,3.413677e-03
2.858666e+03,5.991472e-01,3.612396e-03
2.859080e+03,2.836130e-01,3.311285e-03
2.859493e+03,1.158321e+00,3.987943e-03
2.859907e+03,7.159241e-01,3.655684e-03
2.860320e+03,7.454869e-01,3.664226e-03
2.860734e+03,8.459968e-01,3.695670e-03
2.861147e+03,6.877748e-01,3.591077e-03
2.861561e+03,1.751059e-01,3.211807e-03
2.861974e+03,8.080893e-01,3.676705e-03
2.862387e+03,4.930186e-01,3.405357e-03
2.862801e+03,8.747603e-01,3.739725e-03
2.863214e+03,2.402295e-01,3.182397e-03
2.863627e+03,4.001786e-01,3.334131e-03
2.864040e+03,4.993748e-01,3.415305e-03
2.864453e+03,5.013684e-01,3.429145e-03
2.864866e+03,8.265015e-01,3.694468e-03
2.865279e+03,6.630521e-01,3.514315e-03
2.865692e+03,4.996228e-01,3.380130e-03
2.866104e+03,4.059071e-01,3.348134e-03
2.866517e+03,4.558439e-01,3.335532e-03
2.866930e+03,4.853285e-01,3.367932e-03
2.867342e+03,6.186236e-01,3.527302e-03
2.867755e+03,5.864157e-01,3.487576e-03
2.868168e+03,1.228488e+00,3.982797e-03
2.868580e+03,1.064054e+00,3.893604e-03
2.868992e+03,1.852972e+00,4.416570e-03
2.869405e+03,9.811722e-01,3.802797e-03
2.869817e+03,1.099357e+00,3.896297e-03
2.870229e+03,7.839781e-01,3.646939e-03
2.870642e+03,8.469997e-01,3.692170e-03
2.871054e+03,8.911143e-01,3.772850e-03
2.871466e+03,1.149195e+00,3.953438e-03
2.871878e+03,1.032116e+00,3.840812e-03
2.872290e+03,1.540284e+00,4.249642e-03
2.872702e+03,9.388469e-01,3.831572e-03
2.873114e+03,1.180921e+00,3.966394e-03
2.873525e+03,1.588613e+00,4.267079e-03
2.873937e+03,1.481292e+00,4.175642e-03
2.874349e+03,1.810080e+00,4.436522e-03
2.874761e+03,1.279378e+00,3.989151e-03
2.875172e+03,9.662105e-01,3.772701e-03
2.875584e+03,8.393324e-01,3.708294e-03
2.875995e+03,9.575396e-01,3.674651e-03
2.876407e+03,8.013561e-01,3.599887e-03
2.876818e+03,7.830204e-01,3.514667e-03
2.877229e+03,1.445115e+00,4.049126e-03
2.877641e+03,7.929603e-01,3.561854e-03
2.878052e+03,1.941962e+00,4.393145e-03
2.878463e+03,1.033576e+00,3.769575e-03
2.878874e+03,8.610222e-01,3.645146e-03
2.879285e+03,1.038080e+00,3.715585e-03
2.879696e+03,1.575988e+00,4.097062e-03
2.880107e+03,1.448946e+00,4.016318e-03
2.880518e+03,1.308989e+00,3.932174e-03
2.880929e+03,1.714114e+00,4.221942e-03
2.881340e+03,1.980459e+00,4.403510e-03
2.881751e+03,9.871738e-01,3.756284e-03
2.882161e+03,9.981194e-01,3.778525e-03
2.882572e+03,2.085992e+00,4.521204e-03
2.882982e+03,1.168791e+00,3.913795e-03
2.883393e+03,9.090805e-01,3.719519e-03
2.883803e+03,1.038305e+00,3.798730e-03
2.884214e+03,1.126096e+00,3.849769e-03
2.884624e+03,1.003312e+00,3.756910e-03
2.885035e+03,1.206289e+00,3.938398e-03
2.885445e+03,8.684326e-01,3.672307e-03
2.885855e+03,1.406696e+00,4.068499e-03
2.886265e+03,1.049063e+00,3.817751e-03
2.886675e+03,1.639504e+00,4.206802e-03
2.887085e+03,3.302421e+00,5.211098e-03
2.887495e+03,8.064191e-01,3.652739e-03
2.887905e+03,9.068031e-01,3.629442e-03
2.888315e+03,9.076512e-01,3.748997e-03
2.888725e+03,7.400893e-01,3.572455e-03
2.889135e+03,8.316704e-01,3.639320e-03
2.889545e+03,1.489800e+00,4.098156e-03
2.889954e+03,5.872035e-01,3.461136e-03
2.890364e+03,8.629829e-01,3.642760e-03
2.890773e+03,7.019325e-01,3.516748e-03
2.891183e+03,1.501202e+00,4.110356e-03
2.891592e+03,1.094071e+00,3.775617e-03
2.892002e+03,9.896825e-01,3.749278e-03
2.892411e+03,1.128854e+00,3.810212e-03
2.892820e+03,9.779640e-01,3.755776e-03
2.893230e+03,6.606152e-01,3.502000e-03
2.893639e+03,1.541820e+00,4.133406e-03
2.894048e+03,1.141619e+00,3.823458e-03
2.894457e+03,8.202938e-01,3.577593e-03
2.894866e+03,8.796285e-01,3.638053e-03
2.895275e+03,2.171927e+00,4.502202e-03
2.895684e+03,9.359434e-01,3.698954e-03
2.896093e+03,1.161839e+00,3.827996e-03
2.896502e+03,1.949151e+00,4.368080e-03
2.896910e+03,1.560912e+00,4.106515e-03
2.897319e+03,1.054757e+00,3.744151e-03
2.897728e+03,1.097167e+00,3.786486e-03
2.898136e+03,1.423405e+00,4.057504e-03
2.898545e+03,9.537809e-01,3.763139e-03
2.898954e+03,9.944054e-01,3.718433e-03
2.899362e+03,1.030250e+00,3.771398e-03
2.899770e+03,1.150353e+00,3.835631e-03
2.900179e+03,1.380112e+00,3.974391e-03
2.900587e+03,9.918113e-01,3.748192e-03
2.900995e+03,1.798000e+00,4.259518e-03
2.901403e+03,1.079402e+00,3.796589e-03
2.901811e+03,1.094400e+00,3.787888e-03
2.902220e+03,1.336322e+00,3.923472e-03
2.902628e+03,1.047441e+00,3.745840e-03
2.903035e+03,1.303374e+00,3.978386e-03
2.903443e+03,1.068563e+00,3.794135e-03
2.903851e+03,1.142657e+00,3.804611e-03
2.904259e+03,1.159092e+00,3.798204e-03
2.904667e+03,1.758438e+00,4.233296e-03
2.905074e+03,1.623785e+00,4.063427e-03
2.905482e+03,1.254631e+00,3.829219e-03
2.905890e+03,1.279372e+00,3.806038e-03
2.906297e+03,1.352246e+00,3.857733e-03
2.906705e+03,1.400481e+00,3.903891e-03
2.907112e+03,1.704008e+00,4.130623e-03
2.907519e+03,1.358054e+00,3.954112e-03
2.907927e+03,1.730884e+00,4.179821e-03
2.908334e+03,1.409519e+00,3.991298e-03
2.908741e+03,1.562477e+00,4.088230e-03
2.909148e+03,2.626484e+00,4.716102e-03
2.909556e+03,1.479273e+00,4.032240e-03
2.909963e+03,1.542457e+00,4.058234e-03
2.910370e+03,1.596068e+00,4.094025e-03
2.910776e+03,2.062359e+00,4.402455e-03
2.911183e+03,1.896659e+00,4.266399e-03
2.911590e+03,1.662308e+00,4.120320e-03
2.911997e+03,1.534648e+00,4.056374e-03
2.912404e+03,1.713952e+00,4.166839e-03
2.912810e+03,1.654135e+00,4.151976e-03
2.913217e+03,1.899227e+00,4.315716e-03
2.913624e+03,1.780827e+00,4.205495e-03
2.914030e+03,1.690583e+00,4.160208e-03
2.914437e+03,1.589459e+00,4.038863e-03
2.914843e+03,2.324304e+00,4.511267e-03
2.915249e+03,1.792786e+00,4.227103e-03
2.915656e+03,1.624621e+00,4.051554e-03
2.916062e+03,2.155082e+00,4.452674e-03
2.916468e+03,2.132424e+00,4.395328e-03
2.916874e+03,1.891364e+00,4.261218e-03
2.917280e+03,1.867450e+00,4.225590e-03
2.917686e+03,1.782321e+00,4.192203e-03
2.918092e+03,2.000799e+00,4.325289e-03
2.918498e+03,1.530732e+00,4.039261e-03
2.918904e+03,1.434715e+00,3.949272e-03
2.919310e+03,1.407769e+00,3.952925e-03
2.919716e+03,1.958430e+00,4.273782e-03
2.920121e+03,1.673497e+00,4.132624e-03
2.920527e+03,2.150625e+00,4.408312e-03
2.920932e+03,1.564971e+00,4.028224e-03
2.921338e+03,1.532563e+00,4.014230e-03
2.921744e+03,1.730585e+00,4.136358e-03
2.922149e+03,1.888295e+00,4.214870e-03
2.922554e+03,1.599840e+00,4.057588e-03
2.922960e+03,1.664486e+00,4.073704e-03
2.923365e+03,1.476839e+00,3.952633e-03
2.923770e+03,1.862234e+00,4.212637e-03
2.924175e+03,1.508114e+00,3.980316e-03
2.924580e+03,2.022182e+00,4.307806e-03
2.924986e+03,1.693696e+00,4.118422e-03
2.925391e+03,1.772301e+00,4.137202e-03
2.925795e+03,1.897599e+00,4.242140e-03
2.926200e+03,1.551121e+00,4.002856e-03
2.926605e+03,1.776681e+00,4.214377e-03
2.927010e+03,1.418833e+00,3.973066e-03
2.927415e+03,1.815041e+00,4.170668e-03
2.927819e+03,1.452064e+00,3.950776e-03
2.928224e+03,1.849942e+00,4.193562e-03
2.928629e+03,2.409517e+00,4.507733e-03
2.929033e+03,2.637609e+00,4.651000e-03
2.929438e+03,2.040484e+00,4.302944e-03
2.929842e+03,2.284381e+00,4.454412e-03
2.930246e+03,1.785732e+00,4.130962e-03
2.930651e+03,1.342879e+00,3.912097e-03
2.931055e+03,1.404653e+00,3.895170e-03
2.931459e+03,1.400031e+00,3.910561e-03
2.931863e+03,1.399020e+00,3.950852e-03
2.932267e+03,1.320772e+00,3.874565e-03
2.932671e+03,1.310092e+00,3.792146e-03
2.933075e+03,2.007602e+00,4.311014e-03
2.933479e+03,1.860012e+00,4.198890e-03
2.933883e+03,1.396484e+00,3.879150e-03
2.934287e+03,2.357773e+00,4.514093e-03
2.934691e+03,1.220096e+00,3.764498e-03
2.935095e+03,2.105844e+00,4.348903e-03
2.935498e+03,2.161599e+00,4.404285e-03
2.935902e+03,1.166230e+00,3.772938e-03
2.936305e+03,1.675515e+00,4.088424e-03
2.936709e+03,1.174004e+00,3.744673e-03
2.937112e+03,1.219527e+00,3.830291e-03
2.937516e+03,1.537190e+00,3.956896e-03
2.937919e+03,1.638896e+00,4.041485e-03
2.938322e+03,2.215776e+00,4.389132e-03
2.938726e+03,1.692300e+00,4.040801e-03
2.939129e+03,2.206027e+00,4.390247e-03
2.939532e+03,1.367600e+00,3.863511e-03
2.939935e+03,1.526772e+00,3.927986e-03
2.940338e+03,1.496124e+00,3.937193e-03
2.940741e+03,1.706647e+00,4.098131e-03
2.941144e+03,2.132138e+00,4.384265e-03
2.941547e+03,1.817042e+00,4.108834e-03
2.941950e+03,1.559803e+00,3.935701e-03
2.942352e+03,1.564654e+00,3.911608e-03
2.942755e+03,1.683375e+00,4.010501e-03
2.943158e+03,1.485140e+00,3.943812e-03
2.943560e+03,1.559650e+00,3.942440e-03
2.943963e+03,1.499132e+00,3.956349e-03
2.944365e+03,1.395995e+00,3.849251e-03
2.944768e+03,1.560054e+00,3.967454e-03
2.945170e+03,1.504284e+00,3.867319e-03
2.945572e+03,1.977110e+00,4.161522e-03
2.945975e+03,1.448073e+00,3.852993e-03
2.946377e+03,1.765356e+00,4.064561e-03
2.946779e+03,1.947791e+00,4.157976e-03
2.947181e+03,2.015338e+00,4.191528e-03
2.947583e+03,1.343137e+00,3.759730e-03
2.947985e+03,2.153543e+00,4.287807e-03
2.948387e+03,1.446266e+00,3.860419e-03
2.948789e+03,1.163568e+00,3.643709e-03
2.949191e+03,1.177704e+00,3.667724e-03
2.949593e+03,1.489955e+00,3.918730e-03
2.949994e+03,2.180807e+00,4.298666e-03
2.950396e+03,1.244300e+00,3.689699e-03
2.950798e+03,1.632887e+00,3.979178e-03
2.951199e+03,1.278174e+00,3.688843e-03
2.951601e+03,1.320816e+00,3.732175e-03
2.952002e+03,1.382814e+00,3.776462e-03
2.952404e+03,1.347029e+00,3.770303e-03
2.952805e+03,2.371007e+00,4.359040e-03
2.953206e+03,2.101219e+00,4.211983e-03
2.953608e+03,1.475131e+00,3.810868e-03
2.954009e+03,1.363155e+00,3.793452e-03
2.954410e+03,1.645500e+00,3.972715e-03
2.954811e+03,1.787756e+00,4.048399e-03
2.955212e+03,1.548280e+00,3.915493e-03
2.955613e+03,1.308098e+00,3.732408e-03
2.956014e+03,1.236400e+00,3.676849e-03
2.956415e+03,1.808855e+00,4.050005e-03
2.956816e+03,1.224013e+00,3.650557e-03
2.957216e+03,1.516265e+00,3.870173e-03
2.957617e+03,1.755263e+00,4.008469e-03
2.958018e+03,1.272670e+00,3.669715e-03
2.958418e+03,1.188646e+00,3.613356e-03
2.958819e+03,1.920424e+00,4.069119e-03
2.959219e+03,1.561483e+00,3.987893e-03
2.959620e+03,1.720031e+00,4.066141e-03
2.960020e+03,2.196320e+00,4.332609e-03
2.960421e+03,1.334402e+00,3.778704e-03
2.960821e+03,1.336606e+00,3.752328e-03
2.961221e+03,1.427696e+00,3.860529e-03
2.961621e+03,1.448990e+00,3.870680e-03
2.962021e+03,1.772356e+00,3.979553e-03
2.962421e+03,1.733159e+00,3.984374e-03
2.962821e+03,1.446031e+00,3.781300e-03
2.963221e+03,1.411746e+00,3.736395e-03
2.963621e+03,2.201949e+00,4.242071e-03
2.964021e+03,1.427797e+00,3.790739e-03
2.964421e+03,1.427300e+00,3.751980e-03
2.964821e+03,1.360171e+00,3.699770e-03
2.965220e+03,1.352912e+00,3.666628e-03
2.965620e+03,1.371060e+00,3.675267e-03
2.966020e+03,1.464913e+00,3.763269e-03
2.966419e+03,1.439018e+00,3.750222e-03
2.966819e+03,1.741761e+00,3.923461e-03
2.967218e+03,1.825645e+00,3.985181e-03
2.967617e+03,1.393600e+00,3.730320e-03
2.968017e+03,1.456660e+00,3.766316e-03
2.968416e+03,1.455125e+00,3.767436e-03
2.968815e+03,1.732581e+00,3.930370e-03
2.969214e+03,1.443142e+00,3.724483e-03
2.969614e+03,1.399323e+00,3.729971e-03
2.970013e+03,1.435905e+00,3.720201e-03
2.970412e+03,1.699083e+00,3.945361e-03
2.970811e+03,1.681007e+00,3.868905e-03
2.971209e+03,1.572059e+00,3.871442e-03
2.971608e+03,1.444579e+00,3.684964e-03
2.972007e+03,1.987149e+00,4.055803e-03
2.972406e+03,2.077280e+00,4.063132e-03
2.972804e+03,1.865687e+00,3.971626e-03
2.973203e+03,1.354992e+00,3.631865e-03
2.973602e+03,2.365190e+00,4.263139e-03
2.974000e+03,1.197437e+00,3.565530e-03
2.974399e+03,1.107948e+00,3.487600e-03
2.974797e+03,1.411587e+00,3.658065e-03
2.975195e+03,1.049342e+00,3.396057e-03
2.975594e+03,1.104382e+00,3.421092e-03
2.975992e+03,1.129915e+00,3.481810e-03
2.976390e+03,1.314423e+00,3.584897e-03
2.976788e+03,9.348215e-01,3.363750e-03
2.977186e+03,1.114180e+00,3.452225e-03
2.977584e+03,1.017238e+00,3.376673e-03
2.977982e+03,1.030009e+00,3.425859e-03
2.978380e+03,2.217467e+00,4.138530e-03
2.978778e+03,1.205371e+00,3.507818e-03
2.979176e+03,1.440119e+00,3.713459e-03
2.979574e+03,1.135644e+00,3.466228e-03
2.979971e+03,1.876599e+00,3.955450e-03
2.980369e+03,1.152840e+00,3.466278e-03
2.980767e+03,1.207554e+00,3.525379e-03
2.981164e+03,1.063592e+00,3.410608e-03
2.981562e+03,1.492205e+00,3.678575e-03
2.981959e+03,1.101087e+00,3.458335e-03
2.982356e+03,1.567879e+00,3.765189e-03
2.982754e+03,1.465849e+00,3.729617e-03
2.983151e+03,1.557508e+00,3.780888e-03
2.983548e+03,1.575772e+00,3.790426e-03
2.983945e+03,1.349513e+00,3.610225e-03
2.984343e+03,1.891427e+00,3.962977e-03
2.984740e+03,1.438122e+00,3.796495e-03
2.985137e+03,1.878628e+00,3.980270e-03
2.985534e+03,1.718222e+00,3.914664e-03
2.985931e+03,1.557681e+00,3.826099e-03
2.986327e+03,1.992122e+00,4.067040e-03
2.986724e+03,1.616169e+00,3.832736e-03
2.987121e+03,2.263080e+00,4.264045e-03
2.987518e+03,2.020137e+00,4.171374e-03
2.987914e+03,2.192213e+00,4.209897e-03
2.988311e+03,1.443806e+00,3.757891e-03
2.988707e+03,1.407290e+00,3.729048e-03
2.989104e+03,1.407636e+00,3.741657e-03
2.989500e+03,1.373915e+00,3.694821e-03
2.989897e+03,1.253467e+00,3.585014e-03
2.990293e+03,1.512402e+00,3.762329e-03
2.990689e+03,1.255202e+00,3.545932e-03
2.991085e+03,1.112632e+00,3.437251e-03
2.991482e+03,9.654272e-01,3.296909e-03
2.991878e+03,1.159535e+00,3.459060e-03
2.992274e+03,1.000838e+00,3.321825e-03
2.992670e+03,1.285998e+00,3.508863e-03
2.993066e+03,1.048671e+00,3.381898e-03
2.993461e+03,1.215952e+00,3.488354e-03
2.993857e+03,1.211120e+00,3.473393e-03
2.994253e+03,1.222875e+00,3.442161e-03
2.994649e+03,1.137055e+00,3.408959e-03
2.995044e+03,8.771401e-01,3.286357e-03
2.995440e+03,1.463392e+00,3.646232e-03
2.995836e+03,9.090066e-01,3.266411e-03
2.996231e+03,1.214877e+00,3.501450e-03
2.996627e+03,1.011923e+00,3.366513e-03
2.997022e+03,1.093865e+00,3.391789e-03
2.997417e+03,1.104659e+00,3.412249e-03
2.997813e+03,1.329377e+00,3.592243e-03
2.998208e+03,1.573074e+00,3.666192e-03
2.998603e+03,1.369657e+00,3.557053e-03
2.998998e+03,1.716762e+00,3.813040e-03
2.999393e+03,1.527715e+00,3.678029e-03
2.999788e+03,1.502530e+00,3.626839e-03
3.000183e+03,1.834888e+00,3.869109e-03
3.000578e+03,1.536645e+00,3.671577e-03
3.000973e+03,1.332655e+00,3.516462e-03
3.001368e+03,1.303214e+00,3.534870e-03
3.001763e+03,1.479950e+00,3.632017e-03
3.002157e+03,1.251702e+00,3.454369e-03
3.002552e+03,1.271529e+00,3.523377e-03
3.002947e+03,1.247995e+00,3.484282e-03
3.003341e+03,1.212627e+00,3.439977e-03
3.003736e+03,1.227351e+00,3.488678e-03
3.004130e+03,1.306554e+00,3.529235e-03
3.004524e+03,1.212226e+00,3.421576e-03
3.004919e+03,1.405965e+00,3.565374e-03
3.005313e+03,2.203598e+00,4.035749e-03
3.005707e+03,1.830159e+00,3.859794e-03
3.006101e+03,1.292611e+00,3.516234e-03
3.006496e+03,1.360286e+00,3.521328e-03
3.006890e+03,1.338210e+00,3.511937e-03
3.007284e+03,1.581646e+00,3.716816e-03
3.007678e+03,1.180816e+00,3.411571e-03
3.008071e+03,1.085212e+00,3.339031e-03
3.008465e+03,1.080230e+00,3.366418e-03
3.008859e+03,1.293223e+00,3.464907e-03
3.009253e+03,1.266934e+00,3.456029e-03
3.009646e+03,9.734184e-01,3.271342e-03
3.010040e+03,8.933103e-01,3.254234e-03
3.010434e+03,1.093283e+00,3.393763e-03
3.010827e+03,1.274019e+00,3.538436e-03
3.011221e+03,1.077719e+00,3.449058e-03
3.011614e+03,8.176210e-01,3.236161e-03
3.012007e+03,1.083074e+00,3.426181e-03
3.012401e+03,8.452165e-01,3.256538e-03
3.012794e+03,1.186171e+00,3.494677e-03
3.013187e+03,1.447129e+00,3.693868e-03
3.013580e+03,1.442576e+00,3.661396e-03
3.013973e+03,1.029411e+00,3.396841e-03
3.014366e+03,1.789768e+00,3.888464e-03
3.014759e+03,1.207067e+00,3.509133e-03
3.015152e+03,1.075740e+00,3.464827e-03
3.015545e+03,1.323605e+00,3.594601e-03
3.015938e+03,1.209795e+00,3.504248e-03
3.016331e+03,1.442302e+00,3.625464e-03
3.016724e+03,1.107051e+00,3.403719e-03
3.017116e+03,1.059392e+00,3.373276e-03
3.017509e+03,1.067501e+00,3.376313e-03
3.017901e+03,1.009109e+00,3.307916e-03
3.018294e+03,1.366712e+00,3.559976e-03
3.018686e+03,1.112714e+00,3.441731e-03
3.019079e+03,1.244877e+00,3.482381e-03
3.019471e+03,1.159932e+00,3.422706e-03
3.019863e+03,1.745319e+00,3.795620e-03
3.020256e+03,1.293280e+00,3.542837e-03
3.020648e+03,1.385513e+00,3.589950e-03
3.021040e+03,1.617256e+00,3.696833e-03
3.021432e+03,1.412590e+00,3.600948e-03
3.021824e+03,1.276674e+00,3.527345e-03
3.022216e+03,1.280922e+00,3.491626e-03
3.022608e+03,1.409695e+00,3.573056e-03
3.023000e+03,1.596857e+00,3.750229e-03
3.023392e+03,1.376653e+00,3.573775e-03
3.023783e+03,1.707371e+00,3.773538e-03
3.024175e+03,1.608685e+00,3.690619e-03
3.024567e+03,1.366813e+00,3.588743e-03
3.024958e+03,1.376240e+00,3.555839e-03
3.025350e+03,1.204115e+00,3.462161e-03
3.025741e+03,1.208410e+00,3.440906e-03
3.026133e+03,1.191181e+00,3.440433e-03
3.026524e+03,1.411802e+00,3.610425e-03
3.026915e+03,1.316359e+00,3.537933e-03
3.027307e+03,1.996758e+00,3.991106e-03
3.027698e+03,9.362636e-01,3.312364e-03
3.028089e+03,9.736333e-01,3.294995e-03
3.028480e+03,9.470598e-01,3.290357e-03
3.028871e+03,7.958358e-01,3.177080e-03
3.029262e+03,7.456029e-01,3.185440e-03
3.029653e+03,1.273579e+00,3.532518e-03
3.030044e+03,7.930884e-01,3.158068e-03
3.030435e+03,1.466500e+00,3.616077e-03
3.030826e+03,9.204729e-01,3.242247e-03
3.031216e+03,1.538257e+00,3.668998e-03
3.031607e+03,1.334354e+00,3.582973e-03
3.031998e+03,1.179320e+00,3.454086e-03
3.032388e+03,1.600068e+00,3.791654e-03
3.032779e+03,1.403389e+00,3.573993e-03
3.033169e+03,1.311269e+00,3.563666e-03
3.033560e+03,1.663407e+00,3.756329e-03
3.033950e+03,1.256767e+00,3.490251e-03
3.034340e+03,1.713865e+00,3.806530e-03
3.034731e+03,1.314307e+00,3.560650e-03
3.035121e+03,1.303922e+00,3.663830e-03
3.035511e+03,1.713882e+00,3.867384e-03
3.035901e+03,1.644963e+00,3.820454e-03
3.036291e+03,1.474889e+00,3.707329e-03
3.036681e+03,2.837156e+00,4.479191e-03
3.037071e+03,1.698785e+00,3.827231e-03
3.037461e+03,1.932538e+00,4.023094e-03
3.037851e+03,2.470836e+00,4.281365e-03
3.038240e+03,1.606411e+00,3.784824e-03
3.038630e+03,1.617270e+00,3.852337e-03
3.039020e+03,1.654580e+00,3.834559e-03
3.039409e+03,1.769838e+00,3.893862e-03
3.039799e+03,1.911123e+00,4.079377e-03
3.040188e+03,2.038409e+00,4.087271e-03
3.040578e+03,1.711825e+00,3.908271e-03
3.040967e+03,1.691260e+00,3.853450e-03
3.041357e+03,2.545634e+00,4.339852e-03
3.041746e+03,1.883572e+00,3.981300e-03
3.042135e+03,2.449499e+00,4.309394e-03
3.042524e+03,1.739374e+00,3.887589e-03
3.042913e+03,2.839093e+00,4.471219e-03
3.043302e+03,1.726313e+00,3.867048e-03
3.043691e+03,2.288620e+00,4.217568e-03
3.044080e+03,2.117313e+00,4.083064e-03
3.044469e+03,2.153425e+00,4.104548e-03
3.044858e+03,2.198236e+00,4.111055e-03
3.045247e+03,2.111269e+00,4.109836e-03
3.045636e+03,1.516330e+00,3.674226e-03
3.046024e+03,1.444755e+00,3.618825e-03
3.046413e+03,2.170878e+00,4.102218e-03
3.046802e+03,1.595211e+00,3.710927e-03
3.047190e+03,1.451217e+00,3.616536e-03
3.047579e+03,2.417257e+00,4.187411e-03
3.047967e+03,1.404298e+00,3.554866e-03
3.048355e+03,1.348854e+00,3.498521e-03
3.048744e+03,1.435349e+00,3.573594e-03
3.049132e+03,1.601512e+00,3.713504e-03
3.049520e+03,1.758613e+00,3.778008e-03
3.049908e+03,1.466715e+00,3.584847e-03
3.050296e+03,1.763637e+00,3.782887e-03
3.050685e+03,1.379457e+00,3.598159e-03
3.051072e+03,1.399766e+00,3.575035e-03
3.051460e+03,1.605646e+00,3.746477e-03
3.051848e+03,1.654974e+00,3.720426e-03
3.052236e+03,2.038485e+00,3.980201e-03
3.052624e+03,1.878380e+00,3.879116e-03
3.053012e+03,1.762109e+00,3.846604e-03
3.053399e+03,1.557013e+00,3.708308e-03
3.053787e+03,2.428825e+00,4.196396e-03
3.054175e+03,1.748389e+00,3.817804e-03
3.054562e+03,1.920381e+00,3.900312e-03
3.054949e+03,1.566370e+00,3.670172e-03
3.055337e+03,1.948891e+00,3.922409e-03
3.055724e+03,2.499532e+00,4.251832e-03
3.056112e+03,1.549859e+00,3.756426e-03
3.056499e+03,1.774219e+00,3.841687e-03
3.056886e+03,1.451365e+00,3.611828e-03
3.057273e+03,1.772091e+00,3.847129e-03
3.057660e+03,1.964502e+00,3.925032e-03
3.058047e+03,1.478315e+00,3.657989e-03
3.058434e+03,2.083959e+00,4.044377e-03
3.058821e+03,1.672176e+00,3.758796e-03
3.059208e+03,1.665329e+00,3.740564e-03
3.059595e+03,1.785863e+00,3.821169e-03
3.059982e+03,1.726488e+00,3.878530e-03
3.060368e+03,1.744707e+00,3.867536e-03
3.060755e+03,2.360233e+00,4.267504e-03
3.061142e+03,2.137194e+00,4.112800e-03
3.061528e+03,1.938593e+00,3.980706e-03
3.061915e+03,2.755283e+00,4.467470e-03
3.062301e+03,2.061646e+00,4.060793e-03
3.062687e+03,1.996188e+00,4.068042e-03
3.063074e+03,2.068510e+00,4.103131e-03
3.063460e+03,1.608989e+00,3.777664e-03
3.063846e+03,2.014351e+00,4.027064e-03
3.064232e+03,2.011494e+00,4.085484e-03
3.064618e+03,1.552539e+00,3.821310e-03
3.065005e+03,1.556720e+00,3.795012e-03
3.065391e+03,1.372005e+00,3.633319e-03
3.065776e+03,1.371474e+00,3.680059e-03
3.066162e+03,1.364388e+00,3.699181e-03
3.066548e+03,1.446005e+00,3.709817e-03
3.066934e+03,1.834969e+00,3.959469e-03
3.067320e+03,2.003292e+00,4.057740e-03
3.067705e+03,1.422205e+00,3.742600e-03
3.068091e+03,1.155360e+00,3.537026e-03
3.068477e+03,1.347979e+00,3.669479e-03
3.068862e+03,2.237487e+00,4.212394e-03
3.069248e+03,1.386872e+00,3.692518e-03
3.069633e+03,1.774561e+00,3.934882e-03
3.070018e+03,1.482556e+00,3.746328e-03
3.070404e+03,1.492661e+00,3.783266e-03
3.070789e+03,1.922351e+00,4.074154e-03
3.071174e+03,1.734680e+00,3.929400e-03
3.071559e+03,2.486265e+00,4.334267e-03
3.071944e+03,1.741140e+00,3.918262e-03
3.072330e+03,1.585456e+00,3.811822e-03
3.072715e+03,1.952863e+00,3.984327e-03
3.073099e+03,1.765320e+00,3.832749e-03
3.073484e+03,1.613752e+00,3.752743e-03
3.073869e+03,1.400973e+00,3.654825e-03
3.074254e+03,1.495952e+00,3.686678e-03
3.074639e+03,1.337794e+00,3.642858e-03
3.075023e+03,1.395924e+00,3.667874e-03
3.075408e+03,1.686142e+00,3.799932e-03
3.075792e+03,1.320054e+00,3.559022e-03
3.076177e+03,1.597724e+00,3.764275e-03
3.076561e+03,1.767456e+00,3.840797e-03
3.076946e+03,2.711704e+00,4.391086e-03
3.077330e+03,1.576934e+00,3.779873e-03
3.077714e+03,1.656902e+00,3.776479e-03
3.078099e+03,1.489905e+00,3.690612e-03
3.078483e+03,1.619254e+00,3.763884e-03
3.078867e+03,1.810153e+00,3.864916e-03
3.079251e+03,1.629957e+00,3.742286e-03
3.079635e+03,1.685926e+00,3.800366e-03
3.080019e+03,1.923756e+00,3.934911e-03
3.080403e+03,2.072247e+00,4.029398e-03
3.080787e+03,1.708737e+00,3.829736e-03
3.081171e+03,1.645703e+00,3.779139e-03
3.081554e+03,1.767006e+00,3.877573e-03
3.081938e+03,1.647404e+00,3.797813e-03
3.082322e+03,1.882350e+00,3.908785e-03
3.082705e+03,2.814311e+00,4.448205e-03
3.083089e+03,2.608256e+00,4.350468e-03
3.083472e+03,1.867360e+00,3.932019e-03
3.083856e+03,2.665989e+00,4.412207e-03
3.084239e+03,1.776514e+00,3.902637e-03
3.084623e+03,2.446009e+00,4.344514e-03
3.085006e+03,1.714206e+00,3.875728e-03
3.085389e+03,1.959018e+00,4.071634e-03
3.085772e+03,1.621286e+00,3.834472e-03
3.086155e+03,1.730775e+00,3.883175e-03
3.086538e+03,1.779699e+00,3.954499e-03
3.086921e+03,1.925796e+00,4.029198e-03
3.087304e+03,2.123987e+00,4.176353e-03
3.087687e+03,1.710670e+00,3.882787e-03
3.088070e+03,1.827149e+00,3.974932e-03
3.088453e+03,1.923362e+00,4.041711e-03
3.088836e+03,2.167252e+00,4.197975e-03
3.089218e+03,1.808304e+00,3.990410e-03
3.089601e+03,1.921854e+00,4.011621e-03
3.089983e+03,2.329447e+00,4.277845e-03
3.090366e+03,1.829421e+00,4.016005e-03
3.090748e+03,2.375410e+00,4.284030e-03
3.091131e+03,1.648718e+00,3.853310e-03
3.091513e+03,1.573182e+00,3.747183e-03
3.091896e+03,1.991055e+00,4.077020e-03
3.092278e+03,1.600011e+00,3.855401e-03
3.092660e+03,1.811373e+00,3.953562e-03
3.093042e+03,2.259125e+00,4.223434e-03
3.093424e+03,1.840588e+00,4.029097e-03
3.093806e+03,1.902623e+00,4.008211e-03
3.094188e+03,2.075852e+00,4.154384e-03
3.094570e+03,1.871915e+00,4.047587e-03
3.094952e+03,1.980506e+00,4.045824e-03
3.095334e+03,2.182447e+00,4.165203e-03
3.095716e+03,2.011532e+00,4.117757e-03
3.096097e+03,2.232336e+00,4.222341e-03
3.096479e+03,1.611422e+00,3.837799e-03
3.096861e+03,2.434217e+00,4.492477e-03
3.097242e+03,1.558745e+00,3.797068e-03
3.097624e+03,1.804634e+00,3.985249e-03
3.098005e+03,1.680158e+00,3.847038e-03
3.098386e+03,1.658213e+00,3.854473e-03
3.098768e+03,1.448067e+00,3.758991e-03
3.099149e+03,1.480108e+00,3.779962e-03
3.099530e+03,1.305581e+00,3.658975e-03
3.099912e+03,1.934615e+00,3.964708e-03
3.100293e+03,1.441660e+00,3.693513e-03
3.100674e+03,1.428142e+00,3.657726e-03
3.101055e+03,2.012869e+00,4.063055e-03
3.101436e+03,1.258955e+00,3.565152e-03
3.101817e+03,1.200551e+00,3.551014e-03
3.102197e+03,1.554303e+00,3.812814e-03
3.102578e+03,1.327648e+00,3.602393e-03
3.102959e+03,1.378679e+00,3.631145e-03
3.103340e+03,1.269143e+00,3.582991e-03
3.103720e+03,1.300619e+00,3.586794e-03
3.104101e+03,1.280937e+00,3.535316e-03
3.104481e+03,2.634593e+00,4.393570e-03
3.104862e+03,1.612914e+00,3.780967e-03
3.105242e+03,1.222239e+00,3.554358e-03
3.105623e+03,1.322896e+00,3.641733e-03
3.106003e+03,1.827056e+00,3.962298e-03
3.106383e+03,1.527609e+00,3.704222e-03
3.106764e+03,1.643805e+00,3.805027e-03
3.107144e+03,1.515177e+00,3.728632e-03
3.107524e+03,1.391271e+00,3.648160e-03
3.107904e+03,1.718971e+00,3.857346e-03
3.108284e+03,1.916252e+00,3.977144e-03
3.108664e+03,1.509892e+00,3.782012e-03
3.109044e+03,1.373314e+00,3.719861e-03
3.109424e+03,1.663434e+00,3.862734e-03
3.109803e+03,1.464584e+00,3.750297e-03
3.110183e+03,1.124977e+00,3.529280e-03
3.110563e+03,1.258965e+00,3.614514e-03
3.110942e+03,1.264363e+00,3.647707e-03
3.111322e+03,1.800704e+00,3.994014e-03
3.111701e+03,1.452246e+00,3.766788e-03
3.112081e+03,1.637078e+00,3.851922e-03
3.112460e+03,1.572928e+00,3.817583e-03
3.112840e+03,1.755123e+00,3.943543e-03
3.113219e+03,3.135020e+00,4.732474e-03
3.113598e+03,1.745790e+00,3.935597e-03
3.113977e+03,1.860344e+00,3.994914e-03
3.114357e+03,1.972387e+00,4.101070e-03
3.114736e+03,2.808860e+00,4.559416e-03
3.115115e+03,2.163400e+00,4.159730e-03
3.115494e+03,2.204448e+00,4.217727e-03
3.115873e+03,2.322666e+00,4.276542e-03
3.116251e+03,2.217071e+00,4.249499e-03
3.116630e+03,2.364340e+00,4.271718e-03
3.117009e+03,2.328057e+00,4.264458e-03
3.117388e+03,2.625077e+00,4.464242e-03
3.117766e+03,2.561900e+00,4.397240e-03
3.118145e+03,2.372618e+00,4.267405e-03
3.118524e+03,2.242868e+00,4.192762e-03
3.118902e+03,2.059003e+00,4.095974e-03
3.119280e+03,3.740782e+00,4.995463e-03
3.119659e+03,2.412063e+00,4.298963e-03
3.120037e+03,2.508473e+00,4.364507e-03
3.120415e+03,2.531543e+00,4.358179e-03
3.120794e+03,2.554023e+00,4.410687e-03
3.121172e+03,1.982287e+00,4.050416e-03
3.121550e+03,2.245425e+00,4.245743e-03
3.121928e+03,2.831348e+00,4.595844e-03
3.122306e+03,2.108475e+00,4.168522e-03
3.122684e+03,2.039251e+00,4.122774e-03
3.123062e+03,2.720432e+00,4.506356e-03
3.123440e+03,1.975683e+00,4.065060e-03
3.123818e+03,2.282207e+00,4.215864e-03
3.124195e+03,2.251943e+00,4.210537e-03
3.124573e+03,2.223096e+00,4.206746e-03
3.124951e+03,2.069401e+00,4.090700e-03
3.125328e+03,1.916094e+00,4.028375e-03
3.125706e+03,1.782648e+00,3.952772e-03
3.126083e+03,1.745401e+00,3.899703e-03
3.126461e+03,1.810547e+00,3.939788e-03
3.126838e+03,1.909975e+00,3.944570e-03
3.127215e+03,1.952200e+00,3.987882e-03
3.127593e+03,1.824358e+00,3.967752e-03
3.127970e+03,1.674891e+00,3.797205e-03
3.128347e+03,1.567356e+00,3.762046e-03
3.128724e+03,1.486747e+00,3.684292e-03
3.129101e+03,1.888015e+00,3.945449e-03
3.129478e+03,1.700043e+00,3.834230e-03
3.129855e+03,1.467699e+00,3.700084e-03
3.130232e+03,2.125161e+00,4.101916e-03
3.130609e+03,1.873227e+00,3.934020e-03
3.130986e+03,1.567611e+00,3.765074e-03
3.131362e+03,2.292969e+00,4.165778e-03
3.131739e+03,1.916334e+00,3.956346e-03
3.132116e+03,1.730207e+00,3.816429e-03
3.132492e+03,1.943879e+00,4.009400e-03
3.132869e+03,1.914922e+00,3.954194e-03
3.133245e+03,2.386278e+00,4.273275e-03
3.133621e+03,1.705463e+00,3.919269e-03
3.133998e+03,1.737376e+00,3.918123e-03
3.134374e+03,2.031194e+00,4.079333e-03
3.134750e+03,2.194233e+00,4.211840e-03
3.135127e+03,2.348534e+00,4.245473e-03
3.135503e+03,2.480014e+00,4.371181e-03
3.135879e+03,1.850417e+00,3.981118e-03
3.136255e+03,2.019455e+00,4.106015e-03
3.136631e+03,1.695528e+00,3.947848e-03
3.137007e+03,1.949681e+00,4.040721e-03
3.137383e+03,1.772748e+00,3.943877e-03
3.137758e+03,1.701538e+00,3.913937e-03
3.138134e+03,2.487699e+00,4.382229e-03
3.138510e+03,1.995495e+00,4.088410e-03
3.138885e+03,2.365016e+00,4.304688e-03
3.139261e+03,1.870940e+00,3.948959e-03
3.139637e+03,2.103947e+00,4.105710e-03
3.140012e+03,1.700465e+00,3.860222e-03
3.140388e+03,1.821636e+00,3.930340e-03
3.140763e+03,1.927291e+00,4.011448e-03
3.141138e+03,1.679076e+00,3.850234e-03
3.141514e+03,1.837926e+00,3.956544e-03
3.141889e+03,1.980681e+00,4.007349e-03
3.142264e+03,1.766350e+00,3.930935e-03
3.142639e+03,2.526685e+00,4.319368e-03
3.143014e+03,1.713912e+00,3.903309e-03
3.143389e+03,1.868249e+00,3.957995e-03
3.143764e+03,2.019961e+00,4.029129e-03
3.144139e+03,2.142903e+00,4.133765e-03
3.144514e+03,2.475617e+00,4.314447e-03
3.144889e+03,1.827334e+00,3.913823e-03
3.145263e+03,1.819307e+00,3.930630e-03
3.145638e+03,2.306387e+00,4.195915e-03
3.146013e+03,2.282200e+00,4.205786e-03
3.146387e+03,1.944146e+00,4.008171e-03
3.146762e+03,1.973390e+00,4.045100e-03
3.147136e+03,2.081834e+00,4.142068e-03
3.147511e+03,2.117059e+00,4.129110e-03
3.147885e+03,1.941088e+00,4.054936e-03
3.148259e+03,1.935168e+00,4.034427e-03
3.148634e+03,2.011544e+00,4.108346e-03
3.149008e+03,2.060030e+00,4.137072e-03
3.149382e+03,2.451761e+00,4.377718e-03
3.149756e+03,2.008682e+00,4.107555e-03
3.150130e+03,2.228321e+00,4.200002e-03
3.150504e+03,1.713656e+00,3.949362e-03
3.150878e+03,1.674564e+00,3.898619e-03
3.151252e+03,3.035863e+00,4.655363e-03
3.151626e+03,1.759401e+00,3.989450e-03
3.151999e+03,2.405358e+00,4.329451e-03
3.152373e+03,1.826678e+00,3.985818e-03
3.152747e+03,1.343887e+00,3.658517e-03
3.153120e+03,1.494141e+00,3.716149e-03
3.153494e+03,1.568695e+00,3.729707e-03
3.153868e+03,1.418477e+00,3.678532e-03
3.154241e+03,1.710386e+00,3.868116e-03
3.154614e+03,1.682950e+00,3.849835e-03
3.154988e+03,1.839906e+00,3.948858e-03
3.155361e+03,1.494937e+00,3.681555e-03
3.155734e+03,1.682549e+00,3.862296e-03
3.156107e+03,2.188269e+00,4.229057e-03
3.156481e+03,2.374366e+00,4.278622e-03
3.156854e+03,1.987806e+00,4.021757e-03
3.157227e+03,1.871015e+00,4.020830e-03
3.157600e+03,2.176133e+00,4.226751e-03
3.157973e+03,2.479084e+00,4.370031e-03
3.158345e+03,1.889169e+00,3.997704e-03
3.158718e+03,1.896886e+00,4.040235e-03
3.159091e+03,1.788966e+00,3.992133e-03
3.159464e+03,2.133641e+00,4.146736e-03
3.159836e+03,2.166970e+00,4.251466e-03
3.160209e+03,2.689462e+00,4.521383e-03
3.160581e+03,2.165899e+00,4.197113e-03
3.160954e+03,2.391234e+00,4.360157e-03
3.161326e+03,1.824404e+00,4.010232e-03
3.161699e+03,1.962962e+00,4.079784e-03
3.162071e+03,2.067516e+00,4.174537e-03
3.162443e+03,1.959341e+00,4.086514e-03
3.162816e+03,2.477002e+00,4.408922e-03
3.163188e+03,1.830699e+00,4.002624e-03
3.163560e+03,1.654163e+00,3.864421e-03
3.163932e+03,1.557606e+00,3.838123e-03
3.164304e+03,1.797134e+00,4.026325e-03
3.164676e+03,1.827420e+00,4.016789e-03
3.165048e+03,2.101608e+00,4.201688e-03
3.165420e+03,1.608497e+00,3.865669e-03
3.165791e+03,1.263582e+00,3.625453e-03
3.166163e+03,1.800290e+00,3.954753e-03
3.166535e+03,1.364385e+00,3.716415e-03
3.166906e+03,1.184900e+00,3.563889e-03
3.167278e+03,1.208247e+00,3.586588e-03
3.167649e+03,1.687749e+00,3.900299e-03
3.168021e+03,1.684567e+00,3.888793e-03
3.168392e+03,1.183782e+00,3.553823e-03
3.168764e+03,1.264050e+00,3.615050e-03
3.169135e+03,1.906922e+00,4.059961e-03
3.169506e+03,1.349360e+00,3.732200e-03
3.169877e+03,1.453860e+00,3.788153e-03
3.170249e+03,1.430279e+00,3.747409e-03
3.170620e+03,1.909322e+00,4.025758e-03
3.170991e+03,1.721196e+00,3.916424e-03
3.171362e+03,1.805793e+00,3.952567e-03
3.171733e+03,1.531279e+00,3.847860e-03
3.172103e+03,1.665418e+00,3.925480e-03
3.172474e+03,1.581159e+00,3.834139e-03
3.172845e+03,1.720719e+00,3.960754e-03
3.173216e+03,2.236900e+00,4.255027e-03
3.173586e+03,1.841704e+00,4.032075e-03
3.173957e+03,2.107639e+00,4.179183e-03
3.174328e+03,1.694518e+00,3.922973e-03
3.174698e+03,1.711907e+00,3.950811e-03
3.175069e+03,1.831798e+00,4.016970e-03
3.175439e+03,1.931672e+00,4.069130e-03
3.175809e+03,1.755903e+00,3.933170e-03
3.176180e+03,1.969769e+00,4.090528e-03
3.176550e+03,1.939046e+00,4.093882e-03
3.176920e+03,2.110353e+00,4.219503e-03
3.177290e+03,2.592825e+00,4.484712e-03
3.177660e+03,1.886144e+00,4.048199e-03
3.178030e+03,1.988835e+00,4.060893e-03
3.178400e+03,2.655089e+00,4.509083e-03
3.178770e+03,2.075334e+00,4.191642e-03
3.179140e+03,2.072426e+00,4.143711e-03
3.179510e+03,2.348078e+00,4.256547e-03
3.179879e+03,2.277877e+00,4.266857e-03
3.180249e+03,2.169004e+00,4.145619e-03
3.180619e+03,2.123236e+00,4.143531e-03
3.180988e+03,2.547743e+00,4.469809e-03
3.181358e+03,2.146101e+00,4.165750e-03
3.181727e+03,2.331302e+00,4.305348e-03
3.182097e+03,2.109017e+00,4.165507e-03
3.182466e+03,2.246313e+00,4.288302e-03
3.182835e+03,2.092701e+00,4.214484e-03
3.183205e+03,2.046259e+00,4.154320e-03
3.183574e+03,2.372276e+00,4.374575e-03
3.183943e+03,2.252243e+00,4.278470e-03
3.184312e+03,2.217385e+00,4.249277e-03
3.184681e+03,1.957419e+00,4.101675e-03
3.185050e+03,1.927746e+00,4.053761e-03
3.185419e+03,1.947971e+00,4.031538e-03
3.185788e+03,1.808696e+00,3.988866e-03
3.186157e+03,1.724353e+00,3.933141e-03
3.186526e+03,1.695393e+00,3.915325e-03
3.186894e+03,1.830120e+00,4.010411e-03
3.187263e+03,1.573367e+00,3.829608e-03
3.187632e+03,1.541760e+00,3.842666e-03
3.188000e+03,2.777854e+00,4.572279e-03
3.188369e+03,1.564996e+00,3.796818e-03
3.188737e+03,1.980461e+00,4.125516e-03
3.189106e+03,1.713646e+00,3.939156e-03
3.189474e+03,1.309001e+00,3.657812e-03
3.189842e+03,1.428077e+00,3.784341e-03
3.190211e+03,1.658638e+00,3.870874e-03
3.190579e+03,1.433179e+00,3.731280e-03
3.190947e+03,1.398422e+00,3.741717e-03
3.191315e+03,1.442338e+00,3.744415e-03
3.191683e+03,1.945008e+00,4.051744e-03
3.192051e+03,1.555732e+00,3.815808e-03
3.192419e+03,2.268041e+00,4.260489e-03
3.192787e+03,1.644196e+00,3.889745e-03
3.193155e+03,1.972603e+00,4.050945e-03
3.193522e+03,1.738359e+00,3.954637e-03
3.193890e+03,2.726056e+00,4.508186e-03
3.194258e+03,2.384430e+00,4.314204e-03
3.194625e+03,1.732746e+00,3.895177e-03
3.194993e+03,1.725783e+00,3.942162e-03
3.195360e+03,2.147918e+00,4.164581e-03
3.195728e+03,1.955115e+00,4.049183e-03
3.196095e+03,1.881540e+00,4.004060e-03
3.196463e+03,2.002510e+00,4.071076e-03
3.196830e+03,1.937881e+00,4.082410e-03
3.197197e+03,1.851301e+00,3.990885e-03
3.197564e+03,2.135640e+00,4.152886e-03
3.197931e+03,2.036099e+00,4.095059e-03
3.198298e+03,2.582224e+00,4.436681e-03
3.198665e+03,2.317877e+00,4.269001e-03
3.199032e+03,2.187088e+00,4.202718e-03
3.199399e+03,1.777644e+00,3.955096e-03
3.199766e+03,1.591399e+00,3.881017e-03
3.200133e+03,2.300009e+00,4.332690e-03
3.200500e+03,1.481559e+00,3.795589e-03
3.200866e+03,1.836489e+00,4.028740e-03
3.201233e+03,1.410260e+00,3.767531e-03
3.201600e+03,1.916307e+00,4.031237e-03
3.201966e+03,2.020107e+00,4.083835e-03
3.202333e+03,2.169961e+00,4.191708e-03
3.202699e+03,1.591929e+00,3.823240e-03
3.203065e+03,1.896359e+00,4.079402e-03
3.203432e+03,1.586232e+00,3.900692e-03
3.203798e+03,1.731004e+00,3.925844e-03
3.204164e+03,1.694024e+00,3.919980e-03
3.204530e+03,2.009387e+00,4.172669e-03
3.204896e+03,1.754053e+00,4.030441e-03
3.205262e+03,2.295581e+00,4.296408e-03
3.205628e+03,2.581913e+00,4.421830e-03
3.205994e+03,1.966034e+00,4.091402e-03
3.206360e+03,1.887722e+00,4.045870e-03
3.206726e+03,1.925924e+00,4.063201e-03
3.207092e+03,2.367856e+00,4.292493e-03
3.207458e+03,2.181120e+00,4.252189e-03
3.207823e+03,2.517730e+00,4.389896e-03
3.208189e+03,3.265628e+00,4.795530e-03
3.208554e+03,2.001988e+00,4.127510e-03
3.208920e+03,2.507329e+00,4.382550e-03
3.209285e+03,2.018589e+00,4.107916e-03
3.209651e+03,2.117252e+00,4.187518e-03
3.210016e+03,2.027406e+00,4.123705e-03
3.210381e+03,2.628857e+00,4.427029e-03
3.210747e+03,2.588387e+00,4.499513e-03
3.211112e+03,2.388870e+00,4.319220e-03
3.211477e+03,2.244340e+00,4.240023e-03
3.211842e+03,2.532980e+00,4.455492e-03
3.212207e+03,2.725777e+00,4.474676e-03
3.212572e+03,2.144227e+00,4.157576e-03
3.212937e+03,2.535807e+00,4.404470e-03
3.213302e+03,2.765027e+00,4.503069e-03
3.213667e+03,2.579144e+00,4.435180e-03
3.214031e+03,2.444383e+00,4.383019e-03
3.214396e+03,2.945662e+00,4.637557e-03
3.214761e+03,2.112879e+00,4.162725e-03
3.215125e+03,2.494158e+00,4.396410e-03
3.215490e+03,2.035966e+00,4.142380e-03
3.215854e+03,1.942276e+00,4.047590e-03
3.216219e+03,1.853263e+00,3.997060e-03
3.216583e+03,1.798366e+00,3.958299e-03
3.216948e+03,2.041393e+00,4.177527e-03
3.217312e+03,2.743174e+00,4.531789e-03
3.217676e+03,1.711165e+00,3.908515e-03
3.218040e+03,2.028220e+00,4.130511e-03
3.218404e+03,1.871561e+00,4.023547e-03
3.218768e+03,1.487786e+00,3.787255e-03
3.219132e+03,1.471612e+00,3.752184e-03
3.219496e+03,1.848972e+00,4.017686e-03
3.219860e+03,1.454448e+00,3.731793e-03
3.220224e+03,1.779203e+00,3.924299e-03
3.220588e+03,2.069557e+00,4.156156e-03
3.220952e+03,1.799256e+00,3.980424e-03
3.221315e+03,1.862827e+00,4.025587e-03
3.221679e+03,1.700766e+00,3.954668e-03
3.222042e+03,1.767456e+00,3.987038e-03
3.222406e+03,2.927747e+00,4.621490e-03
3.222769e+03,1.501003e+00,3.778325e-03
3.223133e+03,2.083683e+00,4.136123e-03
3.223496e+03,1.646385e+00,3.849326e-03
3.223860e+03,1.953934e+00,4.088378e-03
3.224223e+03,1.661105e+00,3.891413e-03
3.224586e+03,3.099636e+00,4.744178e-03
3.224949e+03,1.754770e+00,3.996259e-03
3.225312e+03,2.194102e+00,4.235071e-03
3.225675e+03,2.478992e+00,4.439533e-03
3.226038e+03,2.517462e+00,4.408945e-03
3.226401e+03,3.339903e+00,4.861875e-03
3.226764e+03,2.689214e+00,4.529505e-03
3.227127e+03,2.047428e+00,4.209021e-03
3.227490e+03,2.157123e+00,4.233209e-03
3.227852e+03,2.328003e+00,4.386824e-03
3.228215e+03,2.839129e+00,4.712223e-03
3.228578e+03,2.037190e+00,4.219806e-03
3.228940e+03,1.880084e+00,4.124508e-03
3.229303e+03,2.151426e+00,4.299941e-03
3.229665e+03,2.335180e+00,4.401283e-03
3.230028e+03,2.081972e+00,4.257053e-03
3.230390e+03,2.491941e+00,4.505897e-03
3.230752e+03,2.208248e+00,4.374233e-03
3.231114e+03,1.754270e+00,4.051900e-03
3.231477e+03,2.292444e+00,4.314125e-03
3.231839e+03,1.687189e+00,3.961655e-03
3.232201e+03,1.939027e+00,4.141653e-03
3.232563e+03,1.880204e+00,4.109235e-03
3.232925e+03,1.783423e+00,4.052110e-03
3.233287e+03,1.622282e+00,3.939765e-03
3.233649e+03,1.881331e+00,4.084100e-03
3.234010e+03,1.819793e+00,4.055647e-03
3.234372e+03,1.567096e+00,3.843465e-03
3.234734e+03,1.570395e+00,3.887659e-03
3.235095e+03,1.877271e+00,4.039703e-03
3.235457e+03,1.390403e+00,3.762303e-03
3.235819e+03,1.435657e+00,3.790974e-03
3.236180e+03,1.425278e+00,3.821217e-03
3.236542e+03,1.756257e+00,3.995246e-03
3.236903e+03,1.491133e+00,3.848585e-03
3.237264e+03,1.728691e+00,4.016956e-03
3.237625e+03,1.454022e+00,3.786215e-03
3.237987e+03,1.649083e+00,4.009959e-03
3.238348e+03,1.797902e+00,4.020435e-03
3.238709e+03,2.449158e+00,4.483822e-03
3.239070e+03,2.250361e+00,4.310606e-03
3.239431e+03,1.700345e+00,3.991613e-03
3.239792e+03,2.272163e+00,4.339574e-03
3.240153e+03,1.862231e+00,4.076804e-03
3.240514e+03,1.927559e+00,4.118202e-03
3.240874e+03,2.304622e+00,4.332007e-03
3.241235e+03,1.748765e+00,4.081629e-03
3.241596e+03,1.561192e+00,3.915162e-03
3.241957e+03,1.916032e+00,4.124512e-03
3.242317e+03,1.560755e+00,3.912585e-03
3.242678e+03,1.808571e+00,4.038564e-03
3.243038e+03,1.524525e+00,3.909818e-03
3.243398e+03,2.001060e+00,4.195554e-03
3.243759e+03,2.193513e+00,4.315014e-03
3.244119e+03,1.966168e+00,4.119547e-03
3.244479e+03,2.527449e+00,4.491847e-03
3.244840e+03,1.838023e+00,4.100103e-03
3.245200e+03,1.715920e+00,3.959981e-03
3.245560e+03,1.677607e+00,3.983547e-03
3.245920e+03,2.108439e+00,4.273101e-03
3.246280e+03,2.139673e+00,4.270634e-03
3.246640e+03,2.583567e+00,4.511092e-03
3.247000e+03,2.421102e+00,4.426086e-03
3.247359e+03,1.796797e+00,4.076068e-03
3.247719e+03,1.937047e+00,4.152366e-03
3.248079e+03,2.925880e+00,4.737261e-03
3.248439e+03,2.370458e+00,4.451464e-03
3.248798e+03,2.073479e+00,4.257705e-03
3.249158e+03,2.257175e+00,4.358310e-03
3.249517e+03,1.975822e+00,4.190976e-03
3.249877e+03,2.322352e+00,4.437853e-03
3.250236e+03,2.060660e+00,4.284581e-03
3.250595e+03,2.137721e+00,4.287224e-03
3.250955e+03,2.754196e+00,4.732690e-03
3.251314e+03,2.660298e+00,4.683642e-03
3.251673e+03,2.356974e+00,4.521059e-03
3.252032e+03,2.139321e+00,4.370300e-03
3.252391e+03,2.639813e+00,4.646856e-03
3.252750e+03,2.924688e+00,4.823357e-03
3.253109e+03,1.941394e+00,4.253222e-03
3.253468e+03,1.944927e+00,4.277917e-03
3.253827e+03,1.992970e+00,4.353930e-03
3.254186e+03,2.086005e+00,4.367879e-03
3.254545e+03,1.871407e+00,4.239822e-03
3.254903e+03,1.875296e+00,4.248246e-03
3.255262e+03,2.962430e+00,4.855213e-03
3.255620e+03,1.813850e+00,4.221658e-03
3.255979e+03,2.425811e+00,4.518241e-03
3.256337e+03,2.024048e+00,4.276532e-03
3.256696e+03,1.811670e+00,4.169577e-03
3.257054e+03,2.326421e+00,4.416089e-03
3.257413e+03,2.214444e+00,4.353775e-03
3.257771e+03,1.813293e+00,4.138500e-03
3.258129e+03,1.855324e+00,4.162114e-03
3.258487e+03,2.075792e+00,4.333383e-03
3.258845e+03,2.130528e+00,4.355418e-03
3.259203e+03,2.495900e+00,4.504081e-03
3.259561e+03,2.168058e+00,4.364785e-03
3.259919e+03,2.115637e+00,4.302954e-03
3.260277e+03,2.318003e+00,4.414721e-03
3.260635e+03,2.125249e+00,4.339067e-03
3.260993e+03,2.289867e+00,4.367787e-03
3.261351e+03,2.594712e+00,4.574066e-03
3.261708e+03,2.466754e+00,4.528700e-03
3.262066e+03,2.489880e+00,4.523192e-03
3.262423e+03,2.622117e+00,4.617715e-03
3.262781e+03,2.475483e+00,4.492900e-03
3.263138e+03,2.330912e+00,4.463202e-03
3.263496e+03,2.459599e+00,4.490362e-03
3.263853e+03,2.359822e+00,4.466464e-03
3.264210e+03,3.121165e+00,4.879648e-03
3.264568e+03,2.849996e+00,4.727229e-03
3.264925e+03,2.698853e+00,4.681463e-03
3.265282e+03,2.661770e+00,4.645921e-03
3.265639e+03,2.998778e+00,4.816296e-03
3.265996e+03,3.349531e+00,4.994086e-03
3.266353e+03,2.748272e+00,4.683836e-03
3.266710e+03,4.127652e+00,5.385384e-03
3.267067e+03,2.585248e+00,4.587985e-03
3.267424e+03,2.720222e+00,4.659291e-03
3.267780e+03,3.595286e+00,5.207135e-03
3.268137e+03,2.755623e+00,4.668867e-03
3.268494e+03,2.991424e+00,4.797234e-03
3.268850e+03,2.515880e+00,4.543182e-03
3.269207e+03,2.712934e+00,4.690830e-03
3.269563e+03,2.938103e+00,4.807755e-03
3.269920e+03,2.423989e+00,4.487748e-03
3.270276e+03,2.791765e+00,4.727889e-03
3.270633e+03,2.768170e+00,4.786456e-03
3.270989e+03,2.344467e+00,4.476026e-03
3.271345e+03,2.374025e+00,4.504691e-03
3.271701e+03,3.111559e+00,4.916962e-03
3.272057e+03,2.448148e+00,4.600920e-03
3.272413e+03,2.426650e+00,4.517395e-03
3.272769e+03,2.446452e+00,4.566139e-03
3.273125e+03,2.392858e+00,4.539169e-03
3.273481e+03,2.812185e+00,4.725221e-03
3.273837e+03,2.969257e+00,4.880580e-03
3.274193e+03,3.529556e+00,5.208522e-03
3.274549e+03,2.970025e+00,4.936027e-03
3.274904e+03,2.854251e+00,4.832218e-03
3.275260e+03,2.439043e+00,4.625987e-03
3.275616e+03,2.866338e+00,4.878938e-03
3.275971e+03,2.723245e+00,4.827673e-03
3.276327e+03,2.848319e+00,4.877799e-03
3.276682e+03,2.570142e+00,4.700812e-03
3.277037e+03,2.368554e+00,4.658892e-03
3.277393e+03,2.860060e+00,4.873627e-03
3.277748e+03,2.334682e+00,4.582749e-03
3.278103e+03,2.717409e+00,4.800357e-03
3.278458e+03,2.403130e+00,4.647616e-03
3.278813e+03,2.342499e+00,4.583267e-03
3.279168e+03,2.419659e+00,4.637194e-03
3.279523e+03,2.332544e+00,4.546593e-03
3.279878e+03,2.851311e+00,4.850179e-03
3.280233e+03,2.610678e+00,4.690082e-03
3.280588e+03,2.360424e+00,4.614472e-03
3.280943e+03,2.699787e+00,4.759425e-03
3.281298e+03,2.557746e+00,4.716514e-03
3.281652e+03,2.684119e+00,4.721640e-03
3.282007e+03,2.534565e+00,4.627087e-03
3.282361e+03,2.478603e+00,4.586179e-03
3.282716e+03,2.502356e+00,4.649547e-03
3.283070e+03,2.759074e+00,4.769002e-03
3.283425e+03,2.371049e+00,4.578130e-03
3.283779e+03,2.628850e+00,4.695401e-03
3.284133e+03,2.298178e+00,4.500116e-03
3.284488e+03,2.434945e+00,4.632158e-03
3.284842e+03,2.317679e+00,4.526813e-03
3.285196e+03,2.655137e+00,4.681808e-03
3.285550e+03,2.524862e+00,4.626561e-03
3.285904e+03,2.344736e+00,4.544295e-03
3.286258e+03,2.847713e+00,4.808870e-03
3.286612e+03,2.473096e+00,4.616522e-03
3.286966e+03,2.235177e+00,4.445447e-03
3.287320e+03,2.217499e+00,4.425096e-03
3.287673e+03,2.999888e+00,4.884310e-03
3.288027e+03,2.396572e+00,4.536741e-03
3.288381e+03,2.190653e+00,4.450974e-03
3.288734e+03,2.830641e+00,4.819330e-03
3.289088e+03,2.245678e+00,4.434492e-03
3.289441e+03,2.571819e+00,4.646133e-03
3.289795e+03,2.477927e+00,4.590757e-03
3.290148e+03,2.196743e+00,4.423473e-03
3.290501e+03,2.206045e+00,4.412311e-03
3.290855e+03,2.929061e+00,4.862765e-03
3.291208e+03,2.486031e+00,4.613813e-03
3.291561e+03,2.572910e+00,4.657947e-03
3.291914e+03,2.132518e+00,4.385508e-03
3.292267e+03,2.398972e+00,4.634661e-03
3.292620e+03,2.676297e+00,4.716649e-03
3.292973e+03,2.283964e+00,4.522258e-03
3.293326e+03,2.633517e+00,4.702391e-03
3.293679e+03,2.179684e+00,4.438322e-03
3.294032e+03,2.012009e+00,4.314441e-03
3.294385e+03,2.410569e+00,4.631079e-03
3.294737e+03,2.294256e+00,4.542377e-03
3.295090e+03,2.413092e+00,4.632661e-03
3.295442e+03,2.494683e+00,4.657422e-03
3.295795e+03,2.799755e+00,4.832869e-03
3.296147e+03,2.316994e+00,4.550697e-03
3.296500e+03,2.402514e+00,4.645759e-03
3.296852e+03,2.791557e+00,4.858825e-03
3.297204e+03,2.555803e+00,4.740972e-03
3.297557e+03,2.506007e+00,4.736701e-03
3.297909e+03,3.229135e+00,5.084539e-03
3.298261e+03,2.779388e+00,4.865351e-03
3.298613e+03,2.959060e+00,4.956386e-03
3.298965e+03,2.890967e+00,4.942870e-03
3.299317e+03,2.629279e+00,4.762435e-03
3.299669e+03,2.987259e+00,4.993115e-03
3.300021e+03,3.072428e+00,4.971739e-03
3.300373e+03,2.748459e+00,4.839032e-03
3.300725e+03,3.165333e+00,5.152970e-03
3.301076e+03,3.576032e+00,5.299227e-03
3.301428e+03,2.760177e+00,4.904048e-03
3.301780e+03,3.045510e+00,5.021961e-03
3.302131e+03,2.939689e+00,4.944282e-03
3.302483e+03,3.051233e+00,5.041585e-03
3.302834e+03,3.306336e+00,5.130470e-03
3.303185e+03,2.681414e+00,4.818214e-03
3.303537e+03,3.364849e+00,5.203370e-03
3.303888e+03,2.729152e+00,4.839391e-03
3.304239e+03,2.749413e+00,4.895789e-03
3.304591e+03,3.053931e+00,5.011725e-03
3.304942e+03,2.690257e+00,4.798974e-03
3.305293e+03,2.955895e+00,4.950035e-03
3.305644e+03,3.249295e+00,5.116500e-03
3.305995e+03,3.744180e+00,5.387601e-03
3.306346e+03,2.784167e+00,4.854218e-03
3.306696e+03,2.873827e+00,4.880101e-03
3.307047e+03,2.767050e+00,4.817868e-03
3.307398e+03,2.808868e+00,4.872376e-03
3.307749e+03,3.073499e+00,5.001438e-03
3.308099e+03,3.241928e+00,5.048021e-03
3.308450e+03,3.037635e+00,4.984259e-03
3.308800e+03,3.742171e+00,5.368112e-03
3.309151e+03,3.459662e+00,5.190649e-03
3.309501e+03,2.547167e+00,4.676285e-03
3.309852e+03,2.810584e+00,4.836004e-03
3.310202e+03,3.316667e+00,5.115355e-03
3.310552e+03,2.332714e+00,4.552315e-03
3.310903e+03,3.216270e+00,5.030386e-03
3.311253e+03,2.559938e+00,4.688970e-03
3.311603e+03,2.254774e+00,4.521746e-03
3.311953e+03,2.221943e+00,4.528716e-03
3.312303e+03,2.471505e+00,4.655705e-03
3.312653e+03,2.105150e+00,4.452634e-03
3.313003e+03,2.110567e+00,4.454632e-03
3.313353e+03,2.247616e+00,4.514273e-03
3.313702e+03,2.208641e+00,4.535281e-03
3.314052e+03,2.373904e+00,4.610476e-03
3.314402e+03,2.699377e+00,4.811620e-03
3.314751e+03,2.465100e+00,4.617356e-03
3.315101e+03,2.306438e+00,4.556468e-03
3.315450e+03,2.776771e+00,4.802589e-03
3.315800e+03,2.418729e+00,4.637935e-03
3.316149e+03,3.099825e+00,4.994826e-03
3.316499e+03,3.156375e+00,5.073222e-03
3.316848e+03,3.130636e+00,5.027461e-03
3.317197e+03,2.389336e+00,4.661645e-03
