visit,frmid,fov,date_obs,tai_s,boresight_ra_deg,boresight_dec_deg,roll_deg,mars_ra_deg,mars_dec_deg,offset_arcsec,offset_east_arcsec,offset_north_arcsec,offset_across_slit_arcsec,offset_along_slit_arcsec,t_min
Visit1,3726,5x5MR,2024-12-22T03:49:26.000,788154603.0,127.467324,22.608892,-9.056058,127.46693647830983,22.611092247281913,8.024904157811656,-1.2878671226023706,7.920890214884935,-2.5185676071692593,7.619443597130812,0.0
Visit1,3727,5x5MR,2024-12-22T03:51:31.000,788154728.0,127.467045,22.612923,-9.054096,127.46663558169058,22.611227229388017,6.2545614658930555,-1.3605972098522143,-6.104774203132024,-0.3829549033573846,-6.242822949650134,2.0833333333333335
Visit1,3728,5x5MR,2024-12-22T03:53:36.000,788154853.0,127.468055,22.611166,-9.057652,127.46633465454131,22.611362216849134,5.760670972045665,-5.717201877990837,0.7063806568794462,-5.757115095060772,-0.20247648836044208,4.166666666666667
Visit1,3729,5x5MR,2024-12-22T03:55:41.000,788154978.0,127.470161,22.609085,-9.056064,127.46603369686207,22.611497209664286,16.234161072597253,-13.716420770196903,8.68395479142805,-14.912304610176676,6.416731315705735,6.25
Visit1,3730,5x5MR,2024-12-22T03:57:46.000,788155103.0,127.468494,22.611859,-9.058384,127.46573270866283,22.611632207834425,9.212774436168996,-9.17651766488649,-0.8164517960651096,-8.933529161607895,-2.2510279225218564,8.333333333333334
Visit1,3731,5x5MR,2024-12-22T03:59:51.000,788155228.0,127.468812,22.6106,-9.053141,127.46543168993357,22.611767211358593,11.99388966053686,-11.23378707117647,4.201960890929968,-11.755026317531103,2.3819747193426957,10.416666666666666
Visit1,3732,5x5MR,2024-12-22T04:01:56.000,788155353.0,127.468361,22.60982,-9.06092,127.46513064067432,22.61190222023478,13.093489957073926,-10.735516524106625,7.49599284520599,-11.78205586237537,5.711775856124953,12.5
Visit1,3733,5x5MR,2024-12-22T04:04:02.000,788155479.0,127.470742,22.610889,-9.059831,127.46482715213725,22.612038314601314,20.087429652147183,-19.656777206175317,4.13753256472944,-20.0630677712776,0.9906449730010469,14.6
Visit1,3734,5x5MR,2024-12-22T04:06:07.000,788155604.0,127.469832,22.610083,-9.05849,127.464526041588,22.612173334226522,19.171838998683675,-17.63336198024488,7.525203215482179,-18.59822899592524,4.655106483827694,16.683333333333334
Visit1,3735,5x5MR,2024-12-22T04:08:12.000,788155729.0,127.468575,22.610705,-9.054435,127.46422490050875,22.61230835920375,15.566314722529407,-14.456677986590206,5.772093133508349,-15.184907512150401,3.425081224919254,18.766666666666666
Visit1,3736,5x5MR,2024-12-22T05:23:16.000,788160233.0,127.453337,22.617251,-9.055397,127.45335382320525,22.617177146074475,0.2716778039607615,0.055905867761103685,-0.26587413188821074,0.09705484848730511,-0.25376145578581855,93.83333333333333
Visit1,3737,5x5MR,2024-12-22T05:25:21.000,788160358.0,127.454909,22.616071,-9.055643,127.45305155199603,22.617312368930175,7.620506658353899,-6.172612884258269,4.4689281486256505,-6.799057783517835,3.441697527801567,95.91666666666667
Visit1,3738,5x5MR,2024-12-22T05:27:26.000,788160483.0,127.454864,22.617951,-9.057294,127.45274925027684,22.617447597120854,7.257494053332627,-7.027573811991939,-1.8122503649294686,-6.654661768762089,-2.8959492073512143,98.0
Visit1,3739,5x5MR,2024-12-22T05:29:31.000,788160608.0,127.45567,22.619751,-9.058531,127.45244691804761,22.61758283064656,13.253010381424213,-10.710558132468396,-7.805409672393182,-9.348066284526409,-9.394367057070667,100.08333333333333
Visit1,3740,5x5MR,2024-12-22T05:31:36.000,788160733.0,127.454872,22.61689,-9.051688,127.45214455530841,22.617718069505315,9.541326601115871,-9.06370458522786,2.9810502191295996,-9.419827575455113,1.5179755155958934,102.16666666666667
Visit2,4860,5x5MR,2025-01-12T04:32:26.000,789971583.0,120.399295,24.815502,26.142992,120.39773179172128,24.816235611119343,5.750271176895869,-5.107924128123259,2.6410000296380076,-3.42171062172351,4.621435542815265,0.0
Visit2,4861,5x5MR,2025-01-12T04:35:11.000,789971748.0,120.399298,24.818895,26.141583,120.39692298239969,24.816423761466144,11.805572855053908,-7.760371833544159,-8.896458721886802,-10.88624618225938,-4.567274115306015,2.75
Visit2,4862,5x5MR,2025-01-12T04:37:56.000,789971913.0,120.400962,24.81834,26.14299,120.39611416115804,24.816611903440926,17.01834509538136,-15.840388099487464,-6.221147612664879,-16.960990093866535,1.394771593025622,5.5
Visit2,4863,5x5MR,2025-01-12T04:40:41.000,789972078.0,120.398256,24.817685,26.144878,120.39530532801642,24.816800037039783,10.154178208284772,-9.641417133530236,-3.185866656782821,-10.058761488722732,1.388520079264039,8.25
Visit2,4864,5x5MR,2025-01-12T04:43:26.000,789972243.0,120.399668,24.81611,26.143803,120.39449648297474,24.81698816226461,17.19143399238135,-16.89831568558608,3.161384152605251,-13.77647876201366,10.283776334102896,11.0
Visit2,4865,5x5MR,2025-01-12T04:46:11.000,789972408.0,120.400631,24.816288,26.142288,120.39368762603304,24.817176279110495,22.91212934515099,-22.68795714888577,3.1978047977801793,-18.9580800286419,12.867033719625981,13.75
Visit2,4866,5x5MR,2025-01-12T04:48:56.000,789972573.0,120.399682,24.818375,26.14338,120.39287875720127,24.81736438757938,22.525538356975407,-22.22969437233461,-3.6382047142254237,-21.558530355994684,6.5288294754628735,16.5
Visit2,4867,5x5MR,2025-01-12T04:51:41.000,789972738.0,120.396505,24.820068,26.159542,120.39206987649953,24.817552487666326,17.088592658294242,-14.491632235019747,-9.055844401223112,-16.999722695470712,-1.7392961022566924,19.25
Visit2,4868,5x5MR,2025-01-12T04:54:27.000,789972904.0,120.399817,24.817424,26.138081,120.39125608148885,24.8177417192974,27.99647829319178,-27.973139930251516,1.1437894706375573,-24.608585759881326,13.349993213823709,22.016666666666666
Visit2,4869,5x5MR,2025-01-12T04:57:12.000,789973069.0,120.401712,24.816395,26.144287,120.39044717696699,24.817929802569374,37.220722278005695,-36.808560618455054,5.525289249746379,-30.60795000456614,21.179054573182036,24.766666666666666
Visit2,4870,5x5MR,2025-01-12T06:06:11.000,789977208.0,120.371057,24.823874,26.140221,120.37015206225611,24.82264509614691,5.321165942997887,-2.9567659303007168,-4.424053871122169,-4.60344659617337,-2.668894313635877,93.75
Visit2,4871,5x5MR,2025-01-12T06:08:56.000,789977373.0,120.371568,24.823712,26.142595,120.36934285008338,24.822832960250484,7.929273010869607,-7.270396347829863,-3.164543098260708,-7.920955513810297,0.3625738869879762,96.5
Visit2,4872,5x5MR,2025-01-12T06:11:41.000,789977538.0,120.370456,24.824419,26.141483,120.36853362618068,24.823020815933084,8.04910740575206,-6.281077834198136,-5.033462640892594,-7.856268436449193,-1.7512084887210766,99.25
Visit2,4873,5x5MR,2025-01-12T06:14:26.000,789977703.0,120.371822,24.822642,26.142736,120.3677243905779,24.8232086631927,13.543029436280072,-13.388536969957645,2.0399874937197637,-11.120042104008105,7.730403273797732,102.0
Visit2,4874,5x5MR,2025-01-12T06:17:11.000,789977868.0,120.371053,24.823781,26.140929,120.3669151432651,24.823396502028338,13.590611111735194,-13.519916797588367,-1.3841926979850427,-12.746854515828659,4.71400462358341,104.75
Visit3,4923,5x5MR,2025-01-19T05:09:26.000,790578603.0,117.390864,25.443359,125.286786,117.39003847867482,25.441264826838417,8.002430528618728,-2.6836357337122614,-7.539023381703203,-4.603630732740562,6.545636590713812,0.0
Visit3,4924,5x5MR,2025-01-19T05:12:11.000,790578768.0,117.38963,25.444251,125.289631,117.38922557045939,25.44141395772115,10.297626238647776,-1.3147250044086887,-10.213352203867032,-7.577038925127389,6.97348881153167,2.75
Visit3,4925,5x5MR,2025-01-19T05:14:56.000,790578933.0,117.388967,25.442757,125.288363,117.38841267211393,25.441563076165878,4.660608183182036,-1.802038922625733,-4.298125802841923,-2.467343210502614,3.9539154236402547,5.5
Visit3,4926,5x5MR,2025-01-19T05:17:41.000,790579098.0,117.38945,25.442822,125.289684,117.38759978363846,25.441712182172672,7.220850406724377,-6.014779669328571,-3.995344178377991,0.2136361974894183,7.217666461494981,8.25
Visit3,4927,5x5MR,2025-01-19T05:20:26.000,790579263.0,117.389163,25.44124,125.293296,117.38678690503289,25.4418612757414,8.04169995522663,-7.724434681298968,2.23659266903411,6.2884043710252016,5.012505199927731,11.0
Visit3,4928,5x5MR,2025-01-19T05:23:12.000,790579429.0,117.389681,25.443073,125.289653,117.38596910986766,25.442011260353745,12.657731099624575,-12.06678053192344,-3.822262726512804,3.851211437085709,12.057572526132937,13.766666666666667
Visit4,4973,5x5MR,2025-01-27T03:39:46.000,791264423.0,114.168936,25.946571,-25.161707,114.16578388449095,25.947133448977524,10.402739909045401,-10.203803865204666,2.0248163190927926,-10.096479553199654,-2.5057124889842153,0.0
Visit4,4974,5x5MR,2025-01-27T03:42:31.000,791264588.0,114.166458,25.945699,-25.159443,114.1650613857344,25.947226729920647,7.11953385716754,-4.521053727666754,5.499827714325534,-6.4303228963712264,3.0559743362987586,2.75
Visit4,4975,5x5MR,2025-01-27T03:45:16.000,791264753.0,114.168541,25.947516,-25.161126,114.16433891983786,25.947319996991748,13.620866017147913,-13.602565505029824,-0.7056108297078367,-12.011894729859192,-6.421998128340531,5.5
Visit4,4976,5x5MR,2025-01-27T03:48:01.000,791264918.0,114.16936,25.945856,-25.164453,114.16361648682124,25.947413250190873,19.419287855325642,-18.59260476274132,5.606100687147375,-19.21181397174283,-2.8318758258603793,8.25
Visit4,4977,5x5MR,2025-01-27T03:50:46.000,791265083.0,114.169134,25.945604,-25.163233,114.16289408669459,25.947506489518023,21.32895415105502,-20.199568888594268,6.848962264885472,-21.19480061069817,-2.3898314718069855,11.0
Visit4,4978,5x5MR,2025-01-27T03:53:31.000,791265248.0,114.167953,25.945148,-25.158923,114.1621717194479,25.947599714973155,20.691649701403783,-18.714975877047227,8.82617390335838,-20.691800515878175,0.032546303752584826,13.75
Visit4,4979,5x5MR,2025-01-27T03:56:16.000,791265413.0,114.167455,25.946757,-25.162268,114.16144938509117,25.94769292655729,19.73065415643211,-19.44091821700925,3.3693356062428848,-19.02870139211489,-5.21634420621023,16.5
Visit4,4980,5x5MR,2025-01-27T03:59:01.000,791265578.0,114.166065,25.946978,-25.161175,114.1607270836244,25.947786124269403,17.52260046348758,-17.27946305503372,2.9092473698440813,-16.876820721115777,-4.713436758516769,19.25
Visit4,4981,5x5MR,2025-01-27T05:05:36.000,791269573.0,114.139389,25.952021,155.15778,114.1432486866982,25.950038404770616,14.38879599523698,12.493724595206631,-7.137342825775761,-14.336203927193482,1.2280365757769536,85.83333333333333
Visit4,4982,5x5MR,2025-01-27T05:08:21.000,791269738.0,114.13974,25.951892,155.156891,114.1425272162305,25.95013125276282,11.026322038624338,9.022170153206455,-6.338690053853213,-10.850378574312039,1.9615888117384008,88.58333333333333
Visit4,4983,5x5MR,2025-01-27T05:11:06.000,791269903.0,114.143181,25.9535,155.158208,114.14180577878274,25.950224086885008,12.605478214004222,-4.451506203900718,-11.793287213964732,-0.9149123165239095,12.572210078085057,91.33333333333333
Visit4,4984,5x5MR,2025-01-27T05:13:51.000,791270068.0,114.141767,25.950108,155.157296,114.14108437436498,25.95031690713626,2.334154692019495,-2.2096807164710826,0.7520656905299461,2.321171295566015,0.24587697789103857,94.08333333333333
Visit4,4985,5x5MR,2025-01-27T05:16:36.000,791270233.0,114.142641,25.952348,155.158258,114.14036300298717,25.950409713517473,10.152047486426618,-7.3738078960891045,-6.977831337098905,3.7600417501548353,9.43001903998704,96.83333333333333
Visit4,4986,5x5MR,2025-01-27T05:19:21.000,791270398.0,114.143216,25.951211,155.155903,114.13964166463934,25.950502506027682,11.847957858145566,-11.570127928889692,-2.5505783003467286,9.427736257606105,7.175729859330833,99.58333333333333
Visit4,4987,5x5MR,2025-01-27T05:22:06.000,791270563.0,114.143,25.949747,155.154944,114.13892035934144,25.950595284668925,13.554413532810003,-13.205966011083083,3.053824808134209,13.266831638520095,2.7775101295620477,102.33333333333333
Visit5,5029,5x5MR,2025-02-03T03:58:41.000,791870358.0,111.76718,26.199609,162.119251,111.77047476803041,26.19775752710017,12.55755774561689,10.642565225869257,-6.665302439387233,-12.174997601296418,3.075692540519846,0.0
Visit5,5030,5x5MR,2025-02-03T04:01:26.000,791870523.0,111.769267,26.197363,162.117547,111.76990150234136,26.19780146162266,2.5869400315828694,2.0495715438664797,1.5784618415793261,-1.4658629825318623,-2.131556007988534,2.75
Visit5,5031,5x5MR,2025-02-03T04:04:11.000,791870688.0,111.767502,26.19947,162.118296,111.76932828368226,26.197845383461125,8.307041472965622,5.899160800262338,-5.84861953995528,-7.4100217214700965,3.754733913054273,5.5
Visit5,5032,5x5MR,2025-02-03T04:06:56.000,791870853.0,111.766283,26.19757,162.119549,111.76875511205314,26.197889292616612,8.067703712257273,7.98541026686462,1.1494534198064343,-7.246789805362981,-3.5457097753959994,8.25
Visit5,5033,5x5MR,2025-02-03T04:09:41.000,791871018.0,111.766732,26.197827,162.118654,111.76818198745399,26.19793318908909,4.699308624648103,4.683735566867529,0.38228072071717634,-4.3401069397568985,-1.8019403878169642,11.0
Visit5,5034,5x5MR,2025-02-03T04:12:25.000,791871182.0,111.817757,26.218368,162.128006,111.76761238295617,26.197976806956817,177.82168997218136,-161.9480794057174,-73.40829495546615,131.60482024296525,119.56642287986237,13.733333333333333
Visit5,5035,5x5MR,2025-02-03T04:15:10.000,791871347.0,111.77229,26.199177,162.120319,111.76703935214698,26.19802067814327,17.463861051347784,-16.96039570976948,-4.162758684226731,14.863218740264635,9.168877312633114,16.483333333333334
Visit5,5036,5x5MR,2025-02-03T04:17:55.000,791871512.0,111.770934,26.198311,162.115455,111.76646636837772,26.198064536649724,14.458506089422949,-14.431240836361813,-0.8872680609940176,13.461404012820525,5.276225800016178,19.233333333333334
Visit5,5037,5x5MR,2025-02-03T04:20:40.000,791871677.0,111.769109,26.195494,162.117357,111.76589343165844,26.198108382475173,14.01681462814592,-10.38710609942192,9.411776910621938,12.775337347988136,-5.767518823641911,21.983333333333334
Visit5,5038,5x5MR,2025-02-03T04:23:25.000,791871842.0,111.767641,26.199429,162.118723,111.76532054198914,26.198152215622606,8.792555285499416,-7.495418093640262,-4.596423758611934,5.722038471389778,6.675828001015109,24.733333333333334
Visit5,5039,5x5MR,2025-02-03T05:32:16.000,791875973.0,111.749202,26.199194,162.116593,111.75099280940891,26.199245507234505,5.787557528837236,5.784587470353735,0.18542604422151499,-5.448154909055615,-1.9528039089940028,93.58333333333333
Visit5,5040,5x5MR,2025-02-03T05:35:01.000,791876138.0,111.748756,26.200737,162.120057,111.75042114559889,26.199289010448815,7.490168038714573,5.378602927107688,-5.2127623842650905,-6.719267299280707,3.309638663527698,96.33333333333333
Visit5,5041,5x5MR,2025-02-03T05:37:46.000,791876303.0,111.748508,26.200553,162.119688,111.74984952889879,26.199332500999123,6.171147401338063,4.333292337343961,-4.3937964031542265,-5.473019758099187,2.851126801934777,99.08333333333333
Visit5,5042,5x5MR,2025-02-03T05:40:31.000,791876468.0,111.747276,26.199304,162.12161,111.74927795931868,26.199375978885435,6.471815755000967,6.466627768256884,0.25912398755991717,-6.074805533332997,-2.2318507267079406,101.83333333333333
Visit5,5043,5x5MR,2025-02-03T05:43:15.000,791876632.0,111.750354,26.203814,162.126463,111.74870990048993,26.19941918072098,16.688839867085054,-5.310481403525966,-15.821349404475882,0.1983354210120467,16.687629333625445,104.56666666666666
Visit7,5143,5x5MR,2025-02-17T04:41:11.000,793082508.0,108.929603,26.221003,168.080227,108.9308081083048,26.221641090657624,4.51929279604099,3.891954244681497,2.297126367446367,-3.333582258899297,-3.051446659187004,0.0
Visit7,5144,5x5MR,2025-02-17T04:43:56.000,793082673.0,108.929428,26.224606,168.084221,108.93061461889894,26.22160970485038,11.447167043720814,3.8321231364431334,-10.78666253863787,-5.976710796076495,9.763000794600963,2.75
Visit7,5145,5x5MR,2025-02-17T04:46:41.000,793082838.0,108.930378,26.223066,168.081283,108.93042118215311,26.221578311162176,5.357494282763942,0.1394563317961184,-5.355679816163672,-1.2425253649235688,5.211418720392992,5.5
Visit7,5146,5x5MR,2025-02-17T04:49:26.000,793083003.0,108.930224,26.221842,168.086257,108.93022779805727,26.221546909594924,1.0623983817455882,0.012265917078227367,-1.0623254582696973,-0.2313069863904943,1.0369102709765392,8.25
Visit7,5147,5x5MR,2025-02-17T04:52:11.000,793083168.0,108.928542,26.214945,168.084552,108.9300344666114,26.221515500148687,24.139919008690995,4.820242454404621,23.65380053527275,0.16737054374020577,-24.139366275501153,11.0
Visit7,5148,5x5MR,2025-02-17T04:54:56.000,793083333.0,108.929429,26.221702,168.081413,108.92984118782552,26.22148408282342,1.5451423260087964,1.3311720709923063,-0.7845018356917421,-1.4644912967276609,0.492673781119508,13.75
Visit7,5149,5x5MR,2025-02-17T04:57:41.000,793083498.0,108.929619,26.224127,168.083196,108.92964796169964,26.22145265762014,9.628086725628322,0.09353066634381424,-9.627632567490707,-2.079535941025786,9.400829065041894,16.5
Visit7,5150,5x5MR,2025-02-17T05:00:26.000,793083663.0,108.930644,26.222581,168.080028,108.92945478822375,26.22142122453887,5.672945634926527,-3.84056355653502,-4.175191660078781,2.8953836255912964,4.878412394502347,19.25
Visit7,5151,5x5MR,2025-02-17T05:03:11.000,793083828.0,108.929671,26.223759,168.084036,108.92926166739785,26.22138978358156,8.631015603577964,-1.32192767117078,-8.529179106385243,-0.46763562217372856,8.618335449579563,22.0
Visit7,5152,5x5MR,2025-02-17T05:05:55.000,793083992.0,108.929742,26.222789,168.08154,108.92906976918417,26.221358525369933,5.588617945511889,-2.1709678696528094,-5.1497086682374515,1.0606522834210699,5.487040877600464,24.733333333333334
Visit7,5153,5x5MR,2025-02-17T06:14:41.000,793088118.0,108.923222,26.223597,168.082628,108.92425900577116,26.220569555658056,11.401746878233489,3.348984483743861,-10.898799631004863,-5.527413356482581,9.972323302807968,93.5
Visit7,5154,5x5MR,2025-02-17T06:17:26.000,793088283.0,108.922434,26.221358,168.081441,108.92406730641504,26.220537902229463,6.044861368882705,5.274824189019311,-2.9523519739285575,-5.770833335655793,1.799342939827457,96.25
Visit7,5155,5x5MR,2025-02-17T06:20:11.000,793088448.0,108.922573,26.221144,168.08217,108.92387565968886,26.220506240939862,4.792725562848468,4.2069959524004465,-2.29593261649228,-4.590443194584251,1.3776620776815922,99.0
Visit7,5156,5x5MR,2025-02-17T06:22:56.000,793088613.0,108.921176,26.222057,168.08012,108.92368406561266,26.220474571789225,9.902585679017369,8.099843082383659,-5.696741558787721,-9.101815246970943,3.9009334212294378,101.75
Visit7,5157,5x5MR,2025-02-17T06:25:41.000,793088778.0,108.921586,26.220258,168.082876,108.9234925241765,26.22044289477762,6.193117679545078,6.157249393907366,0.665621199425459,-5.887095595564575,-1.9227264830394866,104.5
Visit8,5209,5x5MR,2025-03-02T05:45:26.000,794209563.0,108.793365,25.848626,170.074166,108.7970427488494,25.847455394941573,12.638570082687854,11.915232012243374,-4.214178210335717,-12.463292930946015,2.0972317972719954,0.0
Visit8,5210,5x5MR,2025-03-02T05:48:11.000,794209728.0,108.786088,25.849617,170.076381,108.79718923500074,25.847379959074363,36.856612961973696,35.96566477839307,-8.05334733228733,-36.81543478073625,1.7347069238227952,2.75
Visit8,5211,5x5MR,2025-03-02T05:50:56.000,794209893.0,108.795603,25.848827,170.067332,108.79733576689212,25.847304517760122,7.845778029525243,5.613837512638705,-5.480936063560193,-6.475103230354359,4.43044804815481,5.5
Visit8,5212,5x5MR,2025-03-02T05:53:41.000,794210058.0,108.795058,25.846204,170.066529,108.79748234451347,25.84722907099987,8.678253317800081,7.854592602846692,3.690255599529735,-7.100256324964946,-4.9898869191946424,8.25
Visit8,5213,5x5MR,2025-03-02T05:56:26.000,794210223.0,108.794094,25.848794,170.072037,108.79762896786478,25.84715361879262,12.885574107859258,11.452631529905577,-5.905372346569493,-12.299276215101717,3.842394578390963,11.0
Visit9,5253,5x5MR,2025-03-30T03:13:01.000,796619618.0,114.944858,24.208679,-10.06774,114.94268054165737,24.208637682073654,7.151033830702959,-7.14948597589054,-0.14874453484594596,-7.01339410991549,-1.3962727939427726,0.0
Visit9,5254,5x5MR,2025-03-30T03:15:46.000,796619783.0,114.944837,24.208978,-10.062289,114.94332165403169,24.208488226682846,5.278672847461946,-4.975488677633496,-1.7631839417489914,-4.590896432111409,-2.6053742808524385,2.75
Visit9,5255,5x5MR,2025-03-30T03:18:31.000,796619948.0,114.944259,24.207985,-10.069367,114.94396279022601,24.208338765779025,1.602455396428918,-0.9725830875067324,1.2735568044888623,-1.1802712985208264,1.0838931950390558,5.5
Visit9,5256,5x5MR,2025-03-30T03:21:16.000,796620113.0,114.94517,24.208572,-10.067018,114.94460395024036,24.208189299364218,2.3135318497588186,-1.8585743464849138,-1.3777222888165852,-1.589133852970149,-1.681389575279353,8.25
Visit9,5257,5x5MR,2025-03-30T03:24:01.000,796620278.0,114.943529,24.207166,-10.068499,114.9452451340747,24.2080398274374,6.453456581108679,5.634836692295886,3.1457787746361987,4.998094985253127,4.082444753598413,11.0
Visit9,5258,5x5MR,2025-03-30T03:26:46.000,796620443.0,114.942386,24.207783,-10.067475,114.94588634171905,24.207890349998557,11.499623956093526,11.493133756552384,0.38645999480877435,11.24861281931751,2.3895992372524075,13.75
Visit9,5259,5x5MR,2025-03-30T03:29:31.000,796620608.0,114.92715,24.212159,-10.058995,114.9465275731834,24.20774086704775,65.58180787676424,63.62275758559385,-15.905278628098074,65.42282546115786,-4.548305147145232,16.5
Visit9,5260,5x5MR,2025-03-30T04:41:36.000,796624933.0,114.966481,24.201542,-10.066765,114.96334409977182,24.203820635574672,13.16757337355134,-10.30030269282573,8.203088068820819,-11.575590740307259,6.276351523104507,88.58333333333333
Visit9,5261,5x5MR,2025-03-30T04:44:21.000,796625098.0,114.965945,24.204385,-10.069736,114.96398597884635,24.203671002585715,6.927048114069102,-6.432484095384016,-2.5703906914216645,-5.88397172295207,-3.655494044232041,91.33333333333333
Visit9,5262,5x5MR,2025-03-30T04:47:06.000,796625263.0,114.966129,24.203705,-10.067448,114.96462788170089,24.203521364080753,4.973116773280395,-4.928977453283555,-0.6610893092855008,-4.7375210027044306,-1.5125318372727339,94.08333333333333
Visit9,5263,5x5MR,2025-03-30T04:49:51.000,796625428.0,114.966604,24.205242,-10.064019,114.96526980833539,24.20337172006081,8.032758719446518,-4.380814848980795,-6.733007781072331,-3.136825167402262,-7.394948302062898,96.83333333333333
Visit9,5264,5x5MR,2025-03-30T04:52:36.000,796625593.0,114.965964,24.205626,-10.066854,114.96591175875994,24.203222070525847,8.655846018999698,-0.1715334585962259,-8.65414610694728,1.3438275086973315,-8.550894467520756,99.58333333333333
Visit9,5265,5x5MR,2025-03-30T04:55:21.000,796625758.0,114.96594,24.203766,-10.069069,114.9665537329545,24.20307241547487,3.208681554733827,2.0152138903127566,-2.49690429047007,2.4207217849186455,-2.1061158798835375,102.33333333333333
Visit9,5266,5x5MR,2025-03-30T04:58:06.000,796625923.0,114.964736,24.202895,-10.062466,114.96719573091902,24.202922754907913,8.077286393846146,8.076668767428028,0.09991766848145289,7.9349744475081785,1.5095504087689235,105.08333333333333
Visit9,5267,5x5MR,2025-03-30T05:00:51.000,796626088.0,114.963084,24.204748,-10.066934,114.96783775266358,24.202773088825936,17.15202744891568,15.608994961734824,-7.1096802266268355,16.611443991148057,-4.271791798449785,107.83333333333333
